semester_raw,problem_name,total_rows,total_students,exam_rows,exam_students,midterm_n,midterm,exam_ratio,student_ratio,looks_midtermish,obvious_false_positive
F21,Mid2-Fall21-1.5Time,32,8,16.0,8.0,1.0,mid2,0.5,1.0,True,False
F21,Midterm1-Fall21-15Time,38,8,22.0,8.0,1.0,mid1,0.5789473684210527,1.0,True,False
F21,Midterm1-Fall21-Gavin,6,1,3.0,1.0,1.0,mid1,0.5,1.0,True,False
F21,Midterm1-Fall21-Lizzie,3,1,2.0,1.0,1.0,mid1,0.6666666666666666,1.0,True,False
F21,beautifulsoup_fill,460,103,452.0,102.0,1.0,mid2,0.9826086956521739,0.9902912621359223,False,False
F21,file_get_cat_pp,1454,103,1431.0,102.0,1.0,mid2,0.984181568088033,0.9902912621359223,False,False
F21,get_min_day_ac,7167,103,7151.0,102.0,1.0,mid2,0.997767545695549,0.9902912621359223,False,False
F21,html_pp,1942,103,1915.0,102.0,1.0,mid2,0.986096807415036,0.9902912621359223,False,False
F21,mid1-fall21-q1,269,103,269.0,103.0,1.0,mid1,1.0,1.0,True,False
F21,mid1-fall21-q10,344,102,344.0,102.0,1.0,mid1,1.0,1.0,True,False
F21,mid1-fall21-q11,374,103,374.0,103.0,1.0,mid1,1.0,1.0,True,False
F21,mid1-fall21-q12,410,103,410.0,103.0,1.0,mid1,1.0,1.0,True,False
F21,mid1-fall21-q13,397,103,397.0,103.0,1.0,mid1,1.0,1.0,True,False
F21,mid1-fall21-q14,366,103,366.0,103.0,1.0,mid1,1.0,1.0,True,False
F21,mid1-fall21-q15,419,103,419.0,103.0,1.0,mid1,1.0,1.0,True,False
F21,mid1-fall21-q16,522,103,522.0,103.0,1.0,mid1,1.0,1.0,True,False
F21,mid1-fall21-q17,640,103,640.0,103.0,1.0,mid1,1.0,1.0,True,False
F21,mid1-fall21-q18,563,103,563.0,103.0,1.0,mid1,1.0,1.0,True,False
F21,mid1-fall21-q19,559,103,559.0,103.0,1.0,mid1,1.0,1.0,True,False
F21,mid1-fall21-q2,330,103,330.0,103.0,1.0,mid1,1.0,1.0,True,False
F21,mid1-fall21-q20,1270,103,1270.0,103.0,1.0,mid1,1.0,1.0,True,False
F21,mid1-fall21-q21,2598,103,2598.0,103.0,1.0,mid1,1.0,1.0,True,False
F21,mid1-fall21-q22,2375,102,2375.0,102.0,1.0,mid1,1.0,1.0,True,False
F21,mid1-fall21-q23,1289,102,1289.0,102.0,1.0,mid1,1.0,1.0,True,False
F21,mid1-fall21-q24,1121,102,1121.0,102.0,1.0,mid1,1.0,1.0,True,False
F21,mid1-fall21-q25,1600,102,1600.0,102.0,1.0,mid1,1.0,1.0,True,False
F21,mid1-fall21-q26,4145,103,4144.0,103.0,1.0,mid1,0.9997587454764777,1.0,True,False
F21,mid1-fall21-q27,2703,103,2701.0,103.0,1.0,mid1,0.9992600813910469,1.0,True,False
F21,mid1-fall21-q28,3975,101,3975.0,101.0,1.0,mid1,1.0,1.0,True,False
F21,mid1-fall21-q29,3411,102,3411.0,102.0,1.0,mid1,1.0,1.0,True,False
F21,mid1-fall21-q3,337,103,337.0,103.0,1.0,mid1,1.0,1.0,True,False
F21,mid1-fall21-q30,8784,103,8775.0,103.0,1.0,mid1,0.9989754098360656,1.0,True,False
F21,mid1-fall21-q4,309,103,309.0,103.0,1.0,mid1,1.0,1.0,True,False
F21,mid1-fall21-q5,328,103,328.0,103.0,1.0,mid1,1.0,1.0,True,False
F21,mid1-fall21-q6,323,103,323.0,103.0,1.0,mid1,1.0,1.0,True,False
F21,mid1-fall21-q7,336,103,336.0,103.0,1.0,mid1,1.0,1.0,True,False
F21,mid1-fall21-q8,303,103,303.0,103.0,1.0,mid1,1.0,1.0,True,False
F21,mid1-fall21-q9,341,103,341.0,103.0,1.0,mid1,1.0,1.0,True,False
F21,mid2fall21-16-fitb,460,103,452.0,102.0,1.0,mid2,0.9826086956521739,0.9902912621359223,True,False
F21,mid2fall21-17-fitb,490,102,482.0,101.0,1.0,mid2,0.9836734693877551,0.9901960784313726,True,False
F21,mid2fall21-18-fitb,557,103,546.0,102.0,1.0,mid2,0.9802513464991023,0.9902912621359223,True,False
F21,mid2fall21-19-fitb,455,103,448.0,102.0,1.0,mid2,0.9846153846153847,0.9902912621359223,True,False
F21,mid2fall21-20-fitb,464,103,461.0,102.0,1.0,mid2,0.9935344827586207,0.9902912621359223,True,False
F21,mid2fall21-21-pp,1942,103,1915.0,102.0,1.0,mid2,0.986096807415036,0.9902912621359223,True,False
F21,mid2fall21-22-pp,1454,103,1432.0,102.0,1.0,mid2,0.984869325997249,0.9902912621359223,True,False
F21,mid2fall21-23-pp,1811,102,1789.0,101.0,1.0,mid2,0.9878520154610713,0.9901960784313726,True,False
F21,mid2fall21-24-pp,1531,102,1506.0,101.0,1.0,mid2,0.983670803396473,0.9901960784313726,True,False
F21,mid2fall21-25-pp,1141,102,1127.0,101.0,1.0,mid2,0.9877300613496932,0.9901960784313726,True,False
F21,mid2fall21-26-pp,948,79,940.0,78.0,1.0,mid2,0.9915611814345991,0.9873417721518988,True,False
F21,mid2fall21-27-ac,7513,103,7483.0,102.0,1.0,mid2,0.9960069213363504,0.9902912621359223,True,False
F21,mid2fall21-28-ac,5180,103,5173.0,102.0,1.0,mid2,0.9986486486486487,0.9902912621359223,True,False
F21,mid2fall21-29-ac,4591,103,4588.0,102.0,1.0,mid2,0.9993465475931169,0.9902912621359223,True,False
F21,mid2fall21-30-ac,2440,102,2436.0,102.0,1.0,mid2,0.9983606557377049,1.0,True,False
F21,mid2fall21-q1-mc,276,103,271.0,102.0,1.0,mid2,0.9818840579710145,0.9902912621359223,True,False
F21,mid2fall21-q10-mc,403,103,398.0,102.0,1.0,mid2,0.9875930521091811,0.9902912621359223,True,False
F21,mid2fall21-q11-mc,300,103,294.0,102.0,1.0,mid2,0.98,0.9902912621359223,True,False
F21,mid2fall21-q12-mc,346,103,340.0,102.0,1.0,mid2,0.9826589595375722,0.9902912621359223,True,False
F21,mid2fall21-q13-mc,396,103,387.0,102.0,1.0,mid2,0.9772727272727273,0.9902912621359223,True,False
F21,mid2fall21-q14-mc,353,103,352.0,102.0,1.0,mid2,0.9971671388101983,0.9902912621359223,True,False
F21,mid2fall21-q15-mc,374,103,364.0,102.0,1.0,mid2,0.9732620320855615,0.9902912621359223,True,False
F21,mid2fall21-q2-mc,325,103,319.0,102.0,1.0,mid2,0.9815384615384616,0.9902912621359223,True,False
F21,mid2fall21-q3-mc,307,103,301.0,102.0,1.0,mid2,0.9804560260586319,0.9902912621359223,True,False
F21,mid2fall21-q4-mc,348,103,341.0,102.0,1.0,mid2,0.9798850574712644,0.9902912621359223,True,False
F21,mid2fall21-q5-mc,297,103,289.0,102.0,1.0,mid2,0.9730639730639731,0.9902912621359223,True,False
F21,mid2fall21-q6-mc,301,103,297.0,102.0,1.0,mid2,0.9867109634551495,0.9902912621359223,True,False
F21,mid2fall21-q7-mc,326,103,321.0,102.0,1.0,mid2,0.9846625766871165,0.9902912621359223,True,False
F21,mid2fall21-q8-mc,286,103,282.0,102.0,1.0,mid2,0.986013986013986,0.9902912621359223,True,False
F21,mid2fall21-q9-mc,299,103,295.0,102.0,1.0,mid2,0.9866220735785953,0.9902912621359223,True,False
F21,mid_2_create_list_from_two_lists_pp,95,8,95.0,8.0,1.0,mid2,1.0,1.0,True,False
F21,mid_2_csv_read_write_pp_v2,1811,102,1789.0,101.0,1.0,mid2,0.9878520154610713,0.9901960784313726,True,False
F21,mid_2_dict_error_type_if_any_mc,301,103,297.0,102.0,1.0,mid2,0.9867109634551495,0.9902912621359223,True,False
F21,mid_2_dict_sorting_mc,348,103,341.0,102.0,1.0,mid2,0.9798850574712644,0.9902912621359223,True,False
F21,mid_2_git_move_to_github_mc,300,103,294.0,102.0,1.0,mid2,0.98,0.9902912621359223,True,False
F21,mid_2_html_attr_fill,455,103,448.0,102.0,1.0,mid2,0.9846153846153847,0.9902912621359223,True,False
F21,mid_2_html_attributes_mc,326,103,320.0,102.0,1.0,mid2,0.9815950920245399,0.9902912621359223,True,False
F21,mid_2_html_true_mc,346,103,340.0,102.0,1.0,mid2,0.9826589595375722,0.9902912621359223,True,False
F21,mid_2_nested_dict_fitb,490,102,482.0,101.0,1.0,mid2,0.9836734693877551,0.9901960784313726,True,False
F21,mid_2_pick_one_regex_mc,297,103,289.0,102.0,1.0,mid2,0.9730639730639731,0.9902912621359223,True,False
F21,mid_2_q11_regex_mc,353,103,352.0,102.0,1.0,mid2,0.9971671388101983,0.9902912621359223,True,False
F21,mid_2_q12_debug_mc,396,103,387.0,102.0,1.0,mid2,0.9772727272727273,0.9902912621359223,True,False
F21,mid_2_q1_split_v3_mc,286,103,282.0,102.0,1.0,mid2,0.986013986013986,0.9902912621359223,True,False
F21,mid_2_q8_question_beautifulsoup_mc,374,103,364.0,102.0,1.0,mid2,0.9732620320855615,0.9902912621359223,True,False
F21,mid_2_sorted_num_mc,299,103,295.0,102.0,1.0,mid2,0.9866220735785953,0.9902912621359223,True,False
F21,mid_2_soup_get_dict_img_pp,2384,103,2351.0,102.0,1.0,mid2,0.9861577181208053,0.9902912621359223,True,False
F21,mid_2_soup_total_nums_in_div_with_class_pp,1141,102,1127.0,101.0,1.0,mid2,0.9877300613496932,0.9901960784313726,True,False
F21,mid_2_two_list_to_dict,3482,102,3476.0,102.0,1.0,mid2,0.9982768523836876,1.0,True,False
F21,mid_2_unit_test_mc,403,103,398.0,102.0,1.0,mid2,0.9875930521091811,0.9902912621359223,True,False
F21,midterm_2_practice_findall_no_cg_fib,464,103,461.0,102.0,1.0,mid2,0.9935344827586207,0.9902912621359223,True,False
F21,midterm_2_reg_ex_fill_v2,557,103,546.0,102.0,1.0,mid2,0.9802513464991023,0.9902912621359223,True,False
F21,q_midf21_arg_defaults,410,103,410.0,103.0,1.0,mid1,1.0,1.0,True,False
F21,q_midf21_call_parent_method,1270,103,1270.0,103.0,1.0,mid1,1.0,1.0,True,False
F21,q_midf21_class_attibute_or_method,341,103,341.0,103.0,1.0,mid1,1.0,1.0,True,False
F21,q_midf21_class_car_test_pp,2598,103,2598.0,103.0,1.0,mid1,1.0,1.0,True,False
F21,q_midf21_class_pet_which_method,366,103,366.0,103.0,1.0,mid1,1.0,1.0,True,False
F21,q_midf21_class_song_pp,1289,102,1289.0,102.0,1.0,mid1,1.0,1.0,True,False
F21,q_midf21_cnd,303,103,303.0,103.0,1.0,mid1,1.0,1.0,True,False
F21,q_midf21_combo_str_ac,11704,103,11698.0,103.0,1.0,mid1,0.9994873547505126,1.0,True,False
F21,q_midf21_cond_weather_ac,3895,103,3893.0,103.0,1.0,mid1,0.9994865211810012,1.0,True,False
F21,q_midf21_curr_obj_name_fitb,559,103,559.0,103.0,1.0,mid1,1.0,1.0,True,False
F21,q_midf21_dog_breed_types,374,103,374.0,103.0,1.0,mid1,1.0,1.0,True,False
F21,q_midf21_get_index_duplicate_ac,5548,101,5548.0,101.0,1.0,mid1,1.0,1.0,True,False
F21,q_midf21_git,269,103,269.0,103.0,1.0,mid1,1.0,1.0,True,False
F21,q_midf21_git_num2,323,103,323.0,103.0,1.0,mid1,1.0,1.0,True,False
F21,q_midf21_immutable?,419,103,419.0,103.0,1.0,mid1,1.0,1.0,True,False
F21,q_midf21_keyword,397,103,397.0,103.0,1.0,mid1,1.0,1.0,True,False
F21,q_midf21_less_than_dict_ac,4892,102,4892.0,102.0,1.0,mid1,1.0,1.0,True,False
F21,q_midf21_library_and_book,309,103,309.0,103.0,1.0,mid1,1.0,1.0,True,False
F21,q_midf21_list_append,337,103,337.0,103.0,1.0,mid1,1.0,1.0,True,False
F21,q_midf21_method_on_create_fitb,522,103,522.0,103.0,1.0,mid1,1.0,1.0,True,False
F21,q_midf21_no_return_fitb,563,103,563.0,103.0,1.0,mid1,1.0,1.0,True,False
F21,q_midf21_party_hats_pp,1121,102,1121.0,102.0,1.0,mid1,1.0,1.0,True,False
F21,q_midf21_several_ifs_fitb,640,103,640.0,103.0,1.0,mid1,1.0,1.0,True,False
F21,q_midf21_slicing_str_mc,328,103,328.0,103.0,1.0,mid1,1.0,1.0,True,False
F21,q_midf21_terminal_comm,336,103,336.0,103.0,1.0,mid1,1.0,1.0,True,False
F21,q_midf21_total_at_odd_pos_ac,5917,103,5916.0,103.0,1.0,mid1,0.9998309954368768,1.0,True,False
F21,q_midf21_tuple_not_error,330,103,330.0,103.0,1.0,mid1,1.0,1.0,True,False
F21,q_midf21_turtle_draw_E_pp,2375,102,2375.0,102.0,1.0,mid1,1.0,1.0,True,False
F21,q_midf21_two_list_to_dict_pp,1600,102,1600.0,102.0,1.0,mid1,1.0,1.0,True,False
F21,q_midf21_while_and,344,102,344.0,102.0,1.0,mid1,1.0,1.0,True,False
F21,question_regexdate_ac,6309,103,6304.0,102.0,1.0,mid2,0.9992074813758123,0.9902912621359223,False,False
F21,regex_digits_mc,325,103,319.0,102.0,1.0,mid2,0.9815384615384616,0.9902912621359223,False,False
F21,regex_ranges_ac,10366,103,10315.0,102.0,1.0,mid2,0.995080069457843,0.9902912621359223,False,False
F21,string_number_sort_mc,307,103,301.0,102.0,1.0,mid2,0.9804560260586319,0.9902912621359223,False,False
F21,strip_mc,276,103,272.0,102.0,1.0,mid2,0.9855072463768116,0.9902912621359223,False,False
F22,Mid1-Fall22-1.5timeWithPause,5,1,4.0,1.0,1.0,mid1,0.8,1.0,True,False
F22,Mid2-Fall22-15Time-With-Pause,16,3,8.0,3.0,1.0,mid2,0.5,1.0,True,False
F22,beautifulsoup_fill,432,145,432.0,145.0,1.0,mid2,1.0,1.0,False,False
F22,file_get_cat_pp,1885,144,1885.0,144.0,1.0,mid2,1.0,1.0,False,False
F22,get_min_day_ac,10422,145,10422.0,145.0,1.0,mid2,1.0,1.0,False,False
F22,html_pp,2539,145,2539.0,145.0,1.0,mid2,1.0,1.0,False,False
F22,mid1-fall22-ac28,3389,147,3307.0,145.0,1.0,mid1,0.9758040719976394,0.9863945578231292,True,False
F22,mid1-fall22-ac29,5459,146,5428.0,145.0,1.0,mid1,0.994321304268181,0.9931506849315068,True,False
F22,mid1-fall22-ac30,4881,147,4740.0,145.0,1.0,mid1,0.9711124769514444,0.9863945578231292,True,False
F22,mid1-fall22-ac31,4253,146,4203.0,145.0,1.0,mid1,0.9882435927580532,0.9931506849315068,True,False
F22,mid1-fall22-fitb17,457,147,436.0,144.0,1.0,mid1,0.9540481400437637,0.9795918367346939,True,False
F22,mid1-fall22-fitb18,474,147,448.0,144.0,1.0,mid1,0.9451476793248945,0.9795918367346939,True,False
F22,mid1-fall22-fitb19,465,146,450.0,144.0,1.0,mid1,0.967741935483871,0.9863013698630136,True,False
F22,mid1-fall22-fitb20,450,147,428.0,144.0,1.0,mid1,0.9511111111111111,0.9795918367346939,True,False
F22,mid1-fall22-fitb21,485,147,442.0,144.0,1.0,mid1,0.911340206185567,0.9795918367346939,True,False
F22,mid1-fall22-mcq1,413,148,403.0,144.0,1.0,mid1,0.9757869249394673,0.972972972972973,True,False
F22,mid1-fall22-mcq10,375,147,371.0,144.0,1.0,mid1,0.9893333333333333,0.9795918367346939,True,False
F22,mid1-fall22-mcq11,565,147,551.0,144.0,1.0,mid1,0.9752212389380531,0.9795918367346939,True,False
F22,mid1-fall22-mcq12,440,147,423.0,144.0,1.0,mid1,0.9613636363636363,0.9795918367346939,True,False
F22,mid1-fall22-mcq13,450,147,436.0,144.0,1.0,mid1,0.9688888888888889,0.9795918367346939,True,False
F22,mid1-fall22-mcq14,481,147,462.0,144.0,1.0,mid1,0.9604989604989606,0.9795918367346939,True,False
F22,mid1-fall22-mcq15,465,147,452.0,144.0,1.0,mid1,0.9720430107526882,0.9795918367346939,True,False
F22,mid1-fall22-mcq16,398,146,376.0,143.0,1.0,mid1,0.9447236180904522,0.9794520547945206,True,False
F22,mid1-fall22-mcq2,389,148,381.0,144.0,1.0,mid1,0.9794344473007712,0.972972972972973,True,False
F22,mid1-fall22-mcq3,347,148,336.0,144.0,1.0,mid1,0.968299711815562,0.972972972972973,True,False
F22,mid1-fall22-mcq4,400,147,395.0,144.0,1.0,mid1,0.9875,0.9795918367346939,True,False
F22,mid1-fall22-mcq5,401,148,391.0,144.0,1.0,mid1,0.9750623441396509,0.972972972972973,True,False
F22,mid1-fall22-mcq6,370,147,363.0,144.0,1.0,mid1,0.981081081081081,0.9795918367346939,True,False
F22,mid1-fall22-mcq7,426,147,417.0,144.0,1.0,mid1,0.9788732394366197,0.9795918367346939,True,False
F22,mid1-fall22-mcq8,420,147,414.0,144.0,1.0,mid1,0.9857142857142858,0.9795918367346939,True,False
F22,mid1-fall22-mcq9,383,147,379.0,144.0,1.0,mid1,0.9895561357702349,0.9795918367346939,True,False
F22,mid1-fall22-pp22,1616,147,1559.0,144.0,1.0,mid1,0.9647277227722773,0.9795918367346939,True,False
F22,mid1-fall22-pp23,1748,147,1695.0,144.0,1.0,mid1,0.9696796338672768,0.9795918367346939,True,False
F22,mid1-fall22-pp24,2753,147,2676.0,144.0,1.0,mid1,0.9720305121685434,0.9795918367346939,True,False
F22,mid1-fall22-pp25,2480,147,2413.0,144.0,1.0,mid1,0.972983870967742,0.9795918367346939,True,False
F22,mid1-fall22-pp26,1889,147,1839.0,144.0,1.0,mid1,0.9735309687665431,0.9795918367346939,True,False
F22,mid1-fall22-pp27,1827,147,1789.0,144.0,1.0,mid1,0.9792008757525998,0.9795918367346939,True,False
F22,mid1_f22_class_attribute,388,148,380.0,144.0,1.0,mid1,0.979381443298969,0.972972972972973,True,False
F22,mid1_f22_tuple_index,399,147,377.0,144.0,1.0,mid1,0.9448621553884712,0.9795918367346939,True,False
F22,mid2-f22-get-month-counts-ac,8065,145,8065.0,145.0,1.0,mid2,1.0,1.0,True,False
F22,mid2_fa22_email_address_regex,10753,145,10753.0,145.0,1.0,mid2,1.0,1.0,True,False
F22,mid2_fa22_nested_dict_ret_11_mc,373,146,369.0,145.0,1.0,mid2,0.9892761394101877,0.9931506849315068,True,False
F22,mid2_fa22_q10_sq,413,146,412.0,145.0,1.0,mid2,0.9975786924939467,0.9931506849315068,True,False
F22,mid2_fa22_q11_sq,562,146,561.0,145.0,1.0,mid2,0.998220640569395,0.9931506849315068,True,False
F22,mid2_fa22_q12_sq,460,145,459.0,144.0,1.0,mid2,0.9978260869565218,0.993103448275862,True,False
F22,mid2_fa22_q13_sq,391,146,389.0,145.0,1.0,mid2,0.9948849104859335,0.9931506849315068,True,False
F22,mid2_fa22_q14_sq,429,146,415.0,145.0,1.0,mid2,0.9673659673659674,0.9931506849315068,True,False
F22,mid2_fa22_q15_sq,493,145,493.0,145.0,1.0,mid2,1.0,1.0,True,False
F22,mid2_fa22_q16_sq,369,145,369.0,145.0,1.0,mid2,1.0,1.0,True,False
F22,mid2_fa22_q17_sq,381,146,376.0,145.0,1.0,mid2,0.9868766404199475,0.9931506849315068,True,False
F22,mid2_fa22_q18_sq,468,146,457.0,145.0,1.0,mid2,0.9764957264957265,0.9931506849315068,True,False
F22,mid2_fa22_q19_sq,464,145,464.0,145.0,1.0,mid2,1.0,1.0,True,False
F22,mid2_fa22_q1_sq,400,146,397.0,145.0,1.0,mid2,0.9925,0.9931506849315068,True,False
F22,mid2_fa22_q20_sq,432,145,432.0,145.0,1.0,mid2,1.0,1.0,True,False
F22,mid2_fa22_q21_sq,428,145,428.0,145.0,1.0,mid2,1.0,1.0,True,False
F22,mid2_fa22_q22_sq,490,145,490.0,145.0,1.0,mid2,1.0,1.0,True,False
F22,mid2_fa22_q23_sq,397,145,397.0,145.0,1.0,mid2,1.0,1.0,True,False
F22,mid2_fa22_q24_sq,404,144,404.0,144.0,1.0,mid2,1.0,1.0,True,False
F22,mid2_fa22_q25_sq,2041,145,2041.0,145.0,1.0,mid2,1.0,1.0,True,False
F22,mid2_fa22_q26_sq,1475,145,1475.0,145.0,1.0,mid2,1.0,1.0,True,False
F22,mid2_fa22_q27_sq,2539,145,2539.0,145.0,1.0,mid2,1.0,1.0,True,False
F22,mid2_fa22_q28_sq,1885,144,1885.0,144.0,1.0,mid2,1.0,1.0,True,False
F22,mid2_fa22_q29_sq,1541,145,1541.0,145.0,1.0,mid2,1.0,1.0,True,False
F22,mid2_fa22_q2_sq,372,146,369.0,145.0,1.0,mid2,0.9919354838709677,0.9931506849315068,True,False
F22,mid2_fa22_q30_sq,7422,145,7422.0,145.0,1.0,mid2,1.0,1.0,True,False
F22,mid2_fa22_q31_sq,7026,145,7026.0,145.0,1.0,mid2,1.0,1.0,True,False
F22,mid2_fa22_q32_sq,5443,145,5443.0,145.0,1.0,mid2,1.0,1.0,True,False
F22,mid2_fa22_q3_sq,424,146,423.0,145.0,1.0,mid2,0.9976415094339622,0.9931506849315068,True,False
F22,mid2_fa22_q4_sq,500,146,499.0,145.0,1.0,mid2,0.998,0.9931506849315068,True,False
F22,mid2_fa22_q5_sq,441,146,439.0,145.0,1.0,mid2,0.9954648526077098,0.9931506849315068,True,False
F22,mid2_fa22_q6_sq,491,146,486.0,145.0,1.0,mid2,0.9898167006109979,0.9931506849315068,True,False
F22,mid2_fa22_q7_sq,419,146,418.0,145.0,1.0,mid2,0.9976133651551312,0.9931506849315068,True,False
F22,mid2_fa22_q8_sq,430,146,428.0,145.0,1.0,mid2,0.9953488372093023,0.9931506849315068,True,False
F22,mid2_fa22_q9_sq,374,145,370.0,144.0,1.0,mid2,0.9893048128342246,0.993103448275862,True,False
F22,mid2_fa22_terminal,431,146,415.0,145.0,1.0,mid2,0.962877030162413,0.9931506849315068,True,False
F22,mid2_fa22_test_cases_fitb,428,145,428.0,145.0,1.0,mid2,1.0,1.0,True,False
F22,mid2_fa22_unittest_pp,2041,145,2041.0,145.0,1.0,mid2,1.0,1.0,True,False
F22,mid2_w22_find_all_wb_fitb,490,145,490.0,145.0,1.0,mid2,1.0,1.0,True,False
F22,mid2_win22_bs_parent_child,441,146,439.0,145.0,1.0,mid2,0.9954648526077098,0.9931506849315068,True,False
F22,mid2_win22_fileEx_write_mc,374,145,370.0,144.0,1.0,mid2,0.9893048128342246,0.993103448275862,True,False
F22,mid2_win22_pi_soup_find_mc,390,146,389.0,145.0,1.0,mid2,0.9974358974358974,0.9931506849315068,True,False
F22,mid2_win22_regex_num_found_s_mc,400,146,397.0,145.0,1.0,mid2,0.9925,0.9931506849315068,True,False
F22,mid_2_dict_sorting_mc,491,146,486.0,145.0,1.0,mid2,0.9898167006109979,0.9931506849315068,True,False
F22,mid_2_fa22_unittest_mc,562,146,561.0,145.0,1.0,mid2,0.998220640569395,0.9931506849315068,True,False
F22,mid_2_git_move_to_github_mc,369,145,369.0,145.0,1.0,mid2,1.0,1.0,True,False
F22,mid_2_html_attr_fill,404,144,404.0,144.0,1.0,mid2,1.0,1.0,True,False
F22,mid_2_html_attributes_mc,429,146,428.0,145.0,1.0,mid2,0.9976689976689976,0.9931506849315068,True,False
F22,mid_2_html_true_mc,381,146,376.0,145.0,1.0,mid2,0.9868766404199475,0.9931506849315068,True,False
F22,mid_2_q11_regex_mc,464,145,464.0,145.0,1.0,mid2,1.0,1.0,True,False
F22,mid_2_q12_debug_mc,468,146,457.0,145.0,1.0,mid2,0.9764957264957265,0.9931506849315068,True,False
F22,mid_2_q1_split_v3_mc,419,146,418.0,145.0,1.0,mid2,0.9976133651551312,0.9931506849315068,True,False
F22,mid_2_sorted_num_mc,413,146,412.0,145.0,1.0,mid2,0.9975786924939467,0.9931506849315068,True,False
F22,mid_2_soup_get_dict_img_pp,1541,145,1541.0,145.0,1.0,mid2,1.0,1.0,True,False
F22,mid_2_soup_total_nums_in_div_with_class_pp,1475,145,1475.0,145.0,1.0,mid2,1.0,1.0,True,False
F22,mid_2_unit_test_mc,493,145,493.0,145.0,1.0,mid2,1.0,1.0,True,False
F22,mid_2_w22_nested_dict_fitb,397,145,397.0,145.0,1.0,mid2,1.0,1.0,True,False
F22,prestest_is_ascending_ac,7999,146,7948.0,145.0,1.0,mid1,0.9936242030253781,0.9931506849315068,False,False
F22,q_mid1_f22_str_slicing,402,148,392.0,144.0,1.0,mid1,0.9751243781094527,0.972972972972973,True,False
F22,q_mid1f22_less_dict,7372,147,7165.0,145.0,1.0,mid1,0.9719207813347802,0.9863945578231292,True,False
F22,q_mid1f22_which_assert,426,147,416.0,144.0,1.0,mid1,0.9765258215962441,0.9795918367346939,True,False
F22,q_midf21_call_parent_method,485,147,442.0,144.0,1.0,mid1,0.911340206185567,0.9795918367346939,True,False
F22,q_midf21_class_car_test_pp,2765,147,2676.0,144.0,1.0,mid1,0.9678119349005425,0.9795918367346939,True,False
F22,q_midf21_class_song_pp,1887,147,1837.0,144.0,1.0,mid1,0.9735029146793853,0.9795918367346939,True,False
F22,q_midf21_cnd,375,147,371.0,144.0,1.0,mid1,0.9893333333333333,0.9795918367346939,True,False
F22,q_midf21_combo_price_ac_v2,6680,146,6608.0,145.0,1.0,mid1,0.9892215568862276,0.9931506849315068,True,False
F22,q_midf21_cond_weather_ac,5370,147,5055.0,145.0,1.0,mid1,0.9413407821229051,0.9863945578231292,True,False
F22,q_midf21_create_dog_class,565,147,551.0,144.0,1.0,mid1,0.9752212389380531,0.9795918367346939,True,False
F22,q_midf21_curr_obj_name_fitb,449,147,428.0,144.0,1.0,mid1,0.9532293986636972,0.9795918367346939,True,False
F22,q_midf21_git,345,148,335.0,144.0,1.0,mid1,0.9710144927536232,0.972972972972973,True,False
F22,q_midf21_immutable?,478,147,451.0,144.0,1.0,mid1,0.9435146443514645,0.9795918367346939,True,False
F22,q_midf21_list_append,370,147,363.0,144.0,1.0,mid1,0.981081081081081,0.9795918367346939,True,False
F22,q_midf21_method_on_create_fitb,458,147,436.0,144.0,1.0,mid1,0.9519650655021834,0.9795918367346939,True,False
F22,q_midf21_no_return_fitb,488,146,450.0,144.0,1.0,mid1,0.9221311475409836,0.9863013698630136,True,False
F22,q_midf21_party_hats_pp,1620,147,1561.0,144.0,1.0,mid1,0.9635802469135802,0.9795918367346939,True,False
F22,q_midf21_several_ifs_fitb,475,147,448.0,144.0,1.0,mid1,0.9431578947368421,0.9795918367346939,True,False
F22,q_midf21_slicing_str_mc,383,147,379.0,144.0,1.0,mid1,0.9895561357702349,0.9795918367346939,True,False
F22,q_midf21_tuple_not_error,400,147,395.0,144.0,1.0,mid1,0.9875,0.9795918367346939,True,False
F22,q_midf21_turtle_draw_E_pp,2478,147,2411.0,144.0,1.0,mid1,0.9729620661824052,0.9795918367346939,True,False
F22,q_midf21_two_list_to_dict_pp,1826,147,1789.0,144.0,1.0,mid1,0.97973713033954,0.9795918367346939,True,False
F22,q_midf21_while_and,440,147,423.0,144.0,1.0,mid1,0.9613636363636363,0.9795918367346939,True,False
F22,q_midf22_class_pet_which_method,481,147,462.0,144.0,1.0,mid1,0.9604989604989606,0.9795918367346939,True,False
F22,q_midf22_if_else,449,147,435.0,144.0,1.0,mid1,0.9688195991091314,0.9795918367346939,True,False
F22,q_midw22_album_and_song,419,147,414.0,144.0,1.0,mid1,0.9880668257756563,0.9795918367346939,True,False
F22,q_midw22_loop_controls_mcq,413,148,403.0,144.0,1.0,mid1,0.9757869249394673,0.972972972972973,True,False
F22,regex_digits_mc,500,146,499.0,145.0,1.0,mid2,0.998,0.9931506849315068,False,False
F22,strip_mc,424,146,423.0,145.0,1.0,mid2,0.9976415094339622,0.9931506849315068,False,False
F23,Mid1-Fall23-Timed-140-Minutes,3,1,2.0,1.0,1.0,mid1,0.6666666666666666,1.0,True,False
F23,Mid2-Fall23-Timed-140mim,10,1,8.0,1.0,1.0,mid2,0.8,1.0,True,False
F23,beautifulsoup_fill,578,146,571.0,146.0,1.0,mid2,0.9878892733564014,1.0,False,False
F23,dp_get_counts_dict_pp,2867,149,2707.0,148.0,1.0,mid1,0.9441925357516567,0.9932885906040269,False,False
F23,file_get_cat_pp,2639,145,2518.0,145.0,1.0,mid2,0.9541492989768852,1.0,False,False
F23,get_min_day_ac,98,1,98.0,1.0,1.0,mid2,1.0,1.0,False,False
F23,html_pp,3310,146,3248.0,146.0,1.0,mid2,0.9812688821752266,1.0,False,False
F23,m1w23_turtle_which_draws,610,149,590.0,148.0,1.0,mid1,0.9672131147540983,0.9932885906040269,False,False
F23,mid1-fall23-mcq1,607,149,590.0,148.0,1.0,mid1,0.9719934102141681,0.9932885906040269,True,False
F23,mid1-fall23-mcq10,566,149,546.0,148.0,1.0,mid1,0.9646643109540636,0.9932885906040269,True,False
F23,mid1-fall23-mcq11,633,149,610.0,148.0,1.0,mid1,0.9636650868878357,0.9932885906040269,True,False
F23,mid1-fall23-mcq12,591,149,570.0,148.0,1.0,mid1,0.9644670050761421,0.9932885906040269,True,False
F23,mid1-fall23-mcq13,655,149,612.0,148.0,1.0,mid1,0.934351145038168,0.9932885906040269,True,False
F23,mid1-fall23-mcq14,608,149,598.0,148.0,1.0,mid1,0.9835526315789473,0.9932885906040269,True,False
F23,mid1-fall23-mcq15,641,149,614.0,148.0,1.0,mid1,0.9578783151326054,0.9932885906040269,True,False
F23,mid1-fall23-mcq16,661,149,642.0,148.0,1.0,mid1,0.9712556732223904,0.9932885906040269,True,False
F23,mid1-fall23-mcq17,682,149,617.0,148.0,1.0,mid1,0.9046920821114369,0.9932885906040269,True,False
F23,mid1-fall23-mcq18,621,149,599.0,148.0,1.0,mid1,0.964573268921095,0.9932885906040269,True,False
F23,mid1-fall23-mcq19,717,149,675.0,148.0,1.0,mid1,0.9414225941422594,0.9932885906040269,True,False
F23,mid1-fall23-mcq2,559,149,547.0,148.0,1.0,mid1,0.9785330948121646,0.9932885906040269,True,False
F23,mid1-fall23-mcq20,712,149,685.0,148.0,1.0,mid1,0.9620786516853933,0.9932885906040269,True,False
F23,mid1-fall23-mcq21,2821,149,2707.0,148.0,1.0,mid1,0.9595887982984758,0.9932885906040269,True,False
F23,mid1-fall23-mcq22,2924,148,2835.0,147.0,1.0,mid1,0.969562243502052,0.9932432432432432,True,False
F23,mid1-fall23-mcq23,3666,149,3493.0,148.0,1.0,mid1,0.952809601745772,0.9932885906040269,True,False
F23,mid1-fall23-mcq24,3595,149,3406.0,148.0,1.0,mid1,0.9474269819193324,0.9932885906040269,True,False
F23,mid1-fall23-mcq25,2761,148,2670.0,147.0,1.0,mid1,0.9670409272002898,0.9932432432432432,True,False
F23,mid1-fall23-mcq26,2700,149,2610.0,148.0,1.0,mid1,0.9666666666666667,0.9932885906040269,True,False
F23,mid1-fall23-mcq27,3455,149,3365.0,148.0,1.0,mid1,0.9739507959479016,0.9932885906040269,True,False
F23,mid1-fall23-mcq28,6606,149,6296.0,148.0,1.0,mid1,0.9530729639721466,0.9932885906040269,True,False
F23,mid1-fall23-mcq29,6314,149,6244.0,148.0,1.0,mid1,0.9889135254988913,0.9932885906040269,True,False
F23,mid1-fall23-mcq3,585,149,572.0,148.0,1.0,mid1,0.9777777777777777,0.9932885906040269,True,False
F23,mid1-fall23-mcq30,5879,149,5765.0,148.0,1.0,mid1,0.9806089470998469,0.9932885906040269,True,False
F23,mid1-fall23-mcq31,8779,149,8673.0,148.0,1.0,mid1,0.9879257318601208,0.9932885906040269,True,False
F23,mid1-fall23-mcq4,684,149,655.0,148.0,1.0,mid1,0.9576023391812866,0.9932885906040269,True,False
F23,mid1-fall23-mcq5,545,149,530.0,148.0,1.0,mid1,0.9724770642201835,0.9932885906040269,True,False
F23,mid1-fall23-mcq6,820,149,753.0,148.0,1.0,mid1,0.9182926829268293,0.9932885906040269,True,False
F23,mid1-fall23-mcq7,767,149,697.0,148.0,1.0,mid1,0.9087353324641461,0.9932885906040269,True,False
F23,mid1-fall23-mcq8,636,149,582.0,148.0,1.0,mid1,0.9150943396226415,0.9932885906040269,True,False
F23,mid1-fall23-mcq9,551,149,534.0,148.0,1.0,mid1,0.969147005444646,0.9932885906040269,True,False
F23,mid1_f23_tuple_v2,767,149,697.0,148.0,1.0,mid1,0.9087353324641461,0.9932885906040269,True,False
F23,mid1f23_class_book_pp,2933,148,2835.0,147.0,1.0,mid1,0.9665871121718377,0.9932432432432432,True,False
F23,mid1f23_git2,545,149,530.0,148.0,1.0,mid1,0.9724770642201835,0.9932885906040269,True,False
F23,mid1f23_str_slicing,585,149,572.0,148.0,1.0,mid1,0.9777777777777777,0.9932885906040269,True,False
F23,mid2-f22-get-month-counts-ac,16936,145,16686.0,145.0,1.0,mid2,0.9852385451110062,1.0,True,False
F23,mid2_f23_regex_mc,580,145,565.0,145.0,1.0,mid2,0.9741379310344828,1.0,True,False
F23,mid2_fa22_terminal,537,146,525.0,146.0,1.0,mid2,0.9776536312849162,1.0,True,False
F23,mid2_fall23_links_mc,531,145,522.0,145.0,1.0,mid2,0.9830508474576272,1.0,True,False
F23,mid2_fall23_q10_sq,501,145,497.0,145.0,1.0,mid2,0.9920159680638723,1.0,True,False
F23,mid2_fall23_q11_sq,585,145,561.0,145.0,1.0,mid2,0.958974358974359,1.0,True,False
F23,mid2_fall23_q12_sq,605,145,593.0,145.0,1.0,mid2,0.9801652892561984,1.0,True,False
F23,mid2_fall23_q13_sq,719,145,688.0,145.0,1.0,mid2,0.9568845618915159,1.0,True,False
F23,mid2_fall23_q14_sq,530,145,521.0,145.0,1.0,mid2,0.9830188679245283,1.0,True,False
F23,mid2_fall23_q15_sq,530,145,520.0,145.0,1.0,mid2,0.9811320754716981,1.0,True,False
F23,mid2_fall23_q16_sq,498,145,492.0,145.0,1.0,mid2,0.9879518072289156,1.0,True,False
F23,mid2_fall23_q17_sq,530,145,521.0,145.0,1.0,mid2,0.9830188679245283,1.0,True,False
F23,mid2_fall23_q18_sq,666,145,646.0,145.0,1.0,mid2,0.96996996996997,1.0,True,False
F23,mid2_fall23_q19_sq,590,145,580.0,145.0,1.0,mid2,0.9830508474576272,1.0,True,False
F23,mid2_fall23_q1_sq,593,145,577.0,145.0,1.0,mid2,0.9730185497470489,1.0,True,False
F23,mid2_fall23_q20_sq,637,145,605.0,145.0,1.0,mid2,0.9497645211930926,1.0,True,False
F23,mid2_fall23_q21_sq,573,145,564.0,145.0,1.0,mid2,0.9842931937172775,1.0,True,False
F23,mid2_fall23_q22_sq,561,145,541.0,145.0,1.0,mid2,0.964349376114082,1.0,True,False
F23,mid2_fall23_q23_sq,530,145,526.0,145.0,1.0,mid2,0.9924528301886792,1.0,True,False
F23,mid2_fall23_q24_sq,572,145,566.0,145.0,1.0,mid2,0.9895104895104895,1.0,True,False
F23,mid2_fall23_q25_sq,666,145,643.0,145.0,1.0,mid2,0.9654654654654654,1.0,True,False
F23,mid2_fall23_q26_sq,557,145,536.0,145.0,1.0,mid2,0.9622980251346499,1.0,True,False
F23,mid2_fall23_q27_sq,3277,145,3228.0,145.0,1.0,mid2,0.98504729935917,1.0,True,False
F23,mid2_fall23_q28_sq,2573,144,2495.0,144.0,1.0,mid2,0.969685192382433,1.0,True,False
F23,mid2_fall23_q29_sq,2793,144,2712.0,144.0,1.0,mid2,0.9709989258861439,1.0,True,False
F23,mid2_fall23_q2_sq,681,145,673.0,145.0,1.0,mid2,0.9882525697503671,1.0,True,False
F23,mid2_fall23_q30_sq,2081,145,2027.0,145.0,1.0,mid2,0.9740509370494954,1.0,True,False
F23,mid2_fall23_q31_sq,2016,145,1942.0,145.0,1.0,mid2,0.9632936507936508,1.0,True,False
F23,mid2_fall23_q32_sq,13211,145,13061.0,145.0,1.0,mid2,0.9886458254484899,1.0,True,False
F23,mid2_fall23_q33_sq,11325,145,11233.0,145.0,1.0,mid2,0.9918763796909492,1.0,True,False
F23,mid2_fall23_q3_sq,572,145,563.0,145.0,1.0,mid2,0.9842657342657343,1.0,True,False
F23,mid2_fall23_q4_sq,515,145,507.0,145.0,1.0,mid2,0.9844660194174757,1.0,True,False
F23,mid2_fall23_q5_sq,606,145,589.0,145.0,1.0,mid2,0.971947194719472,1.0,True,False
F23,mid2_fall23_q6_sq,739,145,718.0,145.0,1.0,mid2,0.9715832205683356,1.0,True,False
F23,mid2_fall23_q7_sq,610,145,587.0,145.0,1.0,mid2,0.9622950819672131,1.0,True,False
F23,mid2_fall23_q8_sq,537,145,527.0,145.0,1.0,mid2,0.9813780260707635,1.0,True,False
F23,mid2_fall23_q9_sq,477,145,472.0,145.0,1.0,mid2,0.989517819706499,1.0,True,False
F23,mid2_fall23_regex_b,573,145,564.0,145.0,1.0,mid2,0.9842931937172775,1.0,True,False
F23,mid2_fall23_regex_num_found_s_mc,608,145,576.0,145.0,1.0,mid2,0.9473684210526315,1.0,True,False
F23,mid2_find_carrot_fib,677,145,644.0,145.0,1.0,mid2,0.9512555391432792,1.0,True,False
F23,mid2_w22_find_all_wb_fitb,5,1,5.0,1.0,1.0,mid2,1.0,1.0,True,False
F23,mid2_w23_HTML_errors,605,146,585.0,146.0,1.0,mid2,0.9669421487603306,1.0,True,False
F23,mid2_w23_add_file_staging,2,1,2.0,1.0,1.0,mid2,1.0,1.0,True,False
F23,mid2_w23_read_string,596,146,565.0,146.0,1.0,mid2,0.947986577181208,1.0,True,False
F23,mid2_w23_regex_greedy,537,146,524.0,146.0,1.0,mid2,0.9757914338919925,1.0,True,False
F23,mid2_win22_bs_parent_child,621,146,591.0,146.0,1.0,mid2,0.9516908212560387,1.0,True,False
F23,mid2_win22_fileEx_write_mc,506,146,501.0,146.0,1.0,mid2,0.9901185770750988,1.0,True,False
F23,mid2_win22_regex_findall_index,5,1,5.0,1.0,1.0,mid2,1.0,1.0,True,False
F23,mid2_win22_regex_num_found_s_mc,4,1,4.0,1.0,1.0,mid2,1.0,1.0,True,False
F23,mid2_win23_bs4_find_all_text,610,146,598.0,146.0,1.0,mid2,0.980327868852459,1.0,True,False
F23,mid2_win23_from_regex,504,146,497.0,146.0,1.0,mid2,0.9861111111111112,1.0,True,False
F23,mid2_win23_nested_dict_ac,19328,146,18994.0,146.0,1.0,mid2,0.9827193708609272,1.0,True,False
F23,mid2_wn23_unittest_student_pp,2861,145,2747.0,145.0,1.0,mid2,0.9601537923802866,1.0,True,False
F23,mid2w23_q10_mcq,3,1,3.0,1.0,1.0,mid2,1.0,1.0,True,False
F23,mid2w23_q11_mcq,4,1,4.0,1.0,1.0,mid2,1.0,1.0,True,False
F23,mid2w23_q12_mcq,3,1,3.0,1.0,1.0,mid2,1.0,1.0,True,False
F23,mid2w23_q13_mcq,4,1,4.0,1.0,1.0,mid2,1.0,1.0,True,False
F23,mid2w23_q14_mcq,4,1,4.0,1.0,1.0,mid2,1.0,1.0,True,False
F23,mid2w23_q15_mcq,2,1,2.0,1.0,1.0,mid2,1.0,1.0,True,False
F23,mid2w23_q16_mcq,2,1,2.0,1.0,1.0,mid2,1.0,1.0,True,False
F23,mid2w23_q17_mcq,4,1,4.0,1.0,1.0,mid2,1.0,1.0,True,False
F23,mid2w23_q18_mcq,4,1,4.0,1.0,1.0,mid2,1.0,1.0,True,False
F23,mid2w23_q19_mcq,2,1,2.0,1.0,1.0,mid2,1.0,1.0,True,False
F23,mid2w23_q1_mcq,4,1,4.0,1.0,1.0,mid2,1.0,1.0,True,False
F23,mid2w23_q20_mcq,2,1,2.0,1.0,1.0,mid2,1.0,1.0,True,False
F23,mid2w23_q21_mcq,3,1,3.0,1.0,1.0,mid2,1.0,1.0,True,False
F23,mid2w23_q22_mcq,3,1,3.0,1.0,1.0,mid2,1.0,1.0,True,False
F23,mid2w23_q23_fitb,4,1,4.0,1.0,1.0,mid2,1.0,1.0,True,False
F23,mid2w23_q24_fitb,5,1,5.0,1.0,1.0,mid2,1.0,1.0,True,False
F23,mid2w23_q25_fitb,2,1,2.0,1.0,1.0,mid2,1.0,1.0,True,False
F23,mid2w23_q26_fitb,3,1,3.0,1.0,1.0,mid2,1.0,1.0,True,False
F23,mid2w23_q27_pp,20,1,20.0,1.0,1.0,mid2,1.0,1.0,True,False
F23,mid2w23_q28_pp,23,1,23.0,1.0,1.0,mid2,1.0,1.0,True,False
F23,mid2w23_q29_pp,35,1,35.0,1.0,1.0,mid2,1.0,1.0,True,False
F23,mid2w23_q2_mcq,8,1,8.0,1.0,1.0,mid2,1.0,1.0,True,False
F23,mid2w23_q30_pp,20,1,20.0,1.0,1.0,mid2,1.0,1.0,True,False
F23,mid2w23_q31_pp,14,1,14.0,1.0,1.0,mid2,1.0,1.0,True,False
F23,mid2w23_q32_ac,62,1,62.0,1.0,1.0,mid2,1.0,1.0,True,False
F23,mid2w23_q33_ac,23,1,23.0,1.0,1.0,mid2,1.0,1.0,True,False
F23,mid2w23_q3_mcq,4,1,4.0,1.0,1.0,mid2,1.0,1.0,True,False
F23,mid2w23_q4_mcq,5,1,5.0,1.0,1.0,mid2,1.0,1.0,True,False
F23,mid2w23_q5_mcq,3,1,3.0,1.0,1.0,mid2,1.0,1.0,True,False
F23,mid2w23_q6_mcq,3,1,3.0,1.0,1.0,mid2,1.0,1.0,True,False
F23,mid2w23_q7_mcq,3,1,3.0,1.0,1.0,mid2,1.0,1.0,True,False
F23,mid2w23_q8_mcq,5,1,5.0,1.0,1.0,mid2,1.0,1.0,True,False
F23,mid2w23_q9_mcq,3,1,3.0,1.0,1.0,mid2,1.0,1.0,True,False
F23,mid_2_fa22_unittest_mc,739,146,692.0,146.0,1.0,mid2,0.9364005412719891,1.0,True,False
F23,mid_2_fall_23_dict_sorting,688,145,675.0,145.0,1.0,mid2,0.9811046511627907,1.0,True,False
F23,mid_2_html_attr_fill,563,146,540.0,146.0,1.0,mid2,0.9591474245115453,1.0,True,False
F23,mid_2_html_attributes_mc,481,146,476.0,146.0,1.0,mid2,0.9896049896049897,1.0,True,False
F23,mid_2_q11_regex_mc,2,1,2.0,1.0,1.0,mid2,1.0,1.0,True,False
F23,mid_2_q12_debug_mc,655,146,610.0,146.0,1.0,mid2,0.9312977099236641,1.0,True,False
F23,mid_2_q1_split_v3_mc,548,146,533.0,146.0,1.0,mid2,0.9726277372262774,1.0,True,False
F23,mid_2_sorted_num_mc,576,146,544.0,146.0,1.0,mid2,0.9444444444444444,1.0,True,False
F23,mid_2_soup_get_dict_img_pp,2114,146,2047.0,146.0,1.0,mid2,0.9683065279091769,1.0,True,False
F23,mid_2_soup_total_nums_in_div_with_class_pp,2042,146,1956.0,146.0,1.0,mid2,0.9578844270323212,1.0,True,False
F23,mid_2_unit_test_mc,681,146,649.0,146.0,1.0,mid2,0.9530102790014684,1.0,True,False
F23,mid_2_win_23_dict_sorting_alt,8,1,8.0,1.0,1.0,mid2,1.0,1.0,True,False
F23,pi_string_split_correct_order,535,146,530.0,146.0,1.0,mid2,0.9906542056074766,1.0,False,False
F23,prestest_is_ascending_ac,10074,149,9435.0,148.0,1.0,mid1,0.9365693865396069,0.9932885906040269,False,False
F23,q_mid1_w23_str_slice_methods,568,149,546.0,148.0,1.0,mid1,0.9612676056338029,0.9932885906040269,True,False
F23,q_mid1_wn23_class_unittest_mcq_v2,689,149,655.0,148.0,1.0,mid1,0.9506531204644412,0.9932885906040269,True,False
F23,q_mid1f22_less_dict,9712,149,9550.0,148.0,1.0,mid1,0.9833196046128501,0.9932885906040269,True,False
F23,q_mid1f23_is_palindrome_ac,12817,149,12606.0,148.0,1.0,mid1,0.9835374892720605,0.9932885906040269,True,False
F23,q_mid1w23_which_assert,560,149,547.0,148.0,1.0,mid1,0.9767857142857143,0.9932885906040269,True,False
F23,q_mid2_wn23_nested_dict_mc,520,146,512.0,146.0,1.0,mid2,0.9846153846153847,1.0,True,False
F23,q_midf21_call_parent_method,722,149,685.0,148.0,1.0,mid1,0.9487534626038782,0.9932885906040269,True,False
F23,q_midf21_class_song_pp,2776,148,2670.0,147.0,1.0,mid1,0.9618155619596542,0.9932432432432432,True,False
F23,q_midf21_combo_price_ac_v2,9420,149,9182.0,148.0,1.0,mid1,0.9747346072186837,0.9932885906040269,True,False
F23,q_midf21_cond_weather_ac,5294,149,5122.0,148.0,1.0,mid1,0.9675103891197582,0.9932885906040269,True,False
F23,q_midf21_create_dog_class,820,149,753.0,148.0,1.0,mid1,0.9182926829268293,0.9932885906040269,True,False
F23,q_midf21_immutable?,643,149,614.0,148.0,1.0,mid1,0.9548989113530326,0.9932885906040269,True,False
F23,q_midf21_list_append,651,149,583.0,148.0,1.0,mid1,0.8955453149001537,0.9932885906040269,True,False
F23,q_midf21_method_on_create_fitb,662,149,642.0,148.0,1.0,mid1,0.9697885196374623,0.9932885906040269,True,False
F23,q_midf21_no_return_fitb,626,149,599.0,148.0,1.0,mid1,0.9568690095846646,0.9932885906040269,True,False
F23,q_midf21_several_ifs_fitb,689,149,617.0,148.0,1.0,mid1,0.895500725689405,0.9932885906040269,True,False
F23,q_midf21_turtle_draw_E_pp_v2,3595,149,3406.0,148.0,1.0,mid1,0.9474269819193324,0.9932885906040269,True,False
F23,q_midf21_two_list_to_dict_pp,2715,149,2610.0,148.0,1.0,mid1,0.9613259668508287,0.9932885906040269,True,False
F23,q_midf21_while_and,634,149,610.0,148.0,1.0,mid1,0.9621451104100947,0.9932885906040269,True,False
F23,q_midf22_class_pet_which_method,664,149,612.0,148.0,1.0,mid1,0.9216867469879518,0.9932885906040269,True,False
F23,q_midw22_album_and_song,552,149,534.0,148.0,1.0,mid1,0.967391304347826,0.9932885906040269,True,False
F23,q_midw23_git,612,149,598.0,148.0,1.0,mid1,0.9771241830065359,0.9932885906040269,True,False
F23,q_midw23_index_dup_pp_v2,3715,149,3493.0,148.0,1.0,mid1,0.940242261103634,0.9932885906040269,True,False
F23,q_midw23_object_attributes_and_methods_v2,733,149,675.0,148.0,1.0,mid1,0.9208731241473397,0.9932885906040269,True,False
F23,q_midw23_range_len_loop,591,149,570.0,148.0,1.0,mid1,0.9644670050761421,0.9932885906040269,True,False
F23,regex_digits_mc,757,146,722.0,146.0,1.0,mid2,0.9537648612945839,1.0,False,False
F23,strip_mc,628,146,593.0,146.0,1.0,mid2,0.9442675159235668,1.0,False,False
F24,M1-24-Max,5,2,3.0,1.0,1.0,mid1,0.6,0.5,False,False
F24,M1-F24-120,28,9,21.0,9.0,1.0,mid1,0.75,1.0,False,False
F24,M1-F24-140,6,2,4.0,2.0,1.0,mid1,0.6666666666666666,1.0,False,False
F24,ac_movie_genre_count_v2,8129,147,7731.0,146.0,1.0,mid1,0.9510394882519375,0.9931972789115646,False,False
F24,f24_turtle_pos_mcq_v2,246,80,219.0,78.0,1.0,mid1,0.8902439024390244,0.975,False,False
F24,f24_turtle_pos_mcq_v3,367,142,343.0,139.0,1.0,mid1,0.9346049046321526,0.9788732394366197,False,False
F24,file_get_cat_pp,3053,145,2999.0,144.0,1.0,mid2,0.9823124795283328,0.993103448275862,False,False
F24,html_pp,3980,146,3921.0,145.0,1.0,mid2,0.9851758793969849,0.9931506849315068,False,False
F24,m1-f24-ac-27,4415,147,4256.0,146.0,1.0,mid1,0.9639864099660249,0.9931972789115646,False,False
F24,m1-f24-ac-28,4386,147,4239.0,146.0,1.0,mid1,0.966484268125855,0.9931972789115646,False,False
F24,m1-f24-ac-29,4946,147,4642.0,146.0,1.0,mid1,0.938536190861302,0.9931972789115646,False,False
F24,m1-f24-ac-30,5150,147,4904.0,146.0,1.0,mid1,0.9522330097087378,0.9931972789115646,False,False
F24,m1-f24-fitb-16,684,147,616.0,146.0,1.0,mid1,0.9005847953216374,0.9931972789115646,False,False
F24,m1-f24-fitb-17,794,147,653.0,146.0,1.0,mid1,0.8224181360201511,0.9931972789115646,False,False
F24,m1-f24-fitb-18,590,147,565.0,146.0,1.0,mid1,0.9576271186440678,0.9931972789115646,False,False
F24,m1-f24-fitb-19,744,145,647.0,143.0,1.0,mid1,0.8696236559139785,0.9862068965517241,False,False
F24,m1-f24-fitb-20,618,147,584.0,146.0,1.0,mid1,0.9449838187702265,0.9931972789115646,False,False
F24,m1-f24-mcq-1,246,80,219.0,78.0,1.0,mid1,0.8902439024390244,0.975,False,False
F24,m1-f24-mcq-1-V3,367,142,343.0,139.0,1.0,mid1,0.9346049046321526,0.9788732394366197,False,False
F24,m1-f24-mcq-10,630,147,606.0,146.0,1.0,mid1,0.9619047619047619,0.9931972789115646,False,False
F24,m1-f24-mcq-11,661,147,640.0,146.0,1.0,mid1,0.9682299546142209,0.9931972789115646,False,False
F24,m1-f24-mcq-12,628,147,596.0,146.0,1.0,mid1,0.9490445859872612,0.9931972789115646,False,False
F24,m1-f24-mcq-13,695,147,659.0,146.0,1.0,mid1,0.9482014388489208,0.9931972789115646,False,False
F24,m1-f24-mcq-14,580,147,568.0,146.0,1.0,mid1,0.9793103448275862,0.9931972789115646,False,False
F24,m1-f24-mcq-15,860,147,740.0,146.0,1.0,mid1,0.8604651162790697,0.9931972789115646,False,False
F24,m1-f24-mcq-2,722,147,666.0,146.0,1.0,mid1,0.9224376731301939,0.9931972789115646,False,False
F24,m1-f24-mcq-3,572,147,551.0,146.0,1.0,mid1,0.9632867132867133,0.9931972789115646,False,False
F24,m1-f24-mcq-4,612,147,572.0,146.0,1.0,mid1,0.934640522875817,0.9931972789115646,False,False
F24,m1-f24-mcq-5,727,147,656.0,146.0,1.0,mid1,0.9023383768913342,0.9931972789115646,False,False
F24,m1-f24-mcq-6,679,147,627.0,145.0,1.0,mid1,0.9234167893961709,0.9863945578231292,False,False
F24,m1-f24-mcq-7,587,147,558.0,146.0,1.0,mid1,0.9505962521294719,0.9931972789115646,False,False
F24,m1-f24-mcq-8,588,147,566.0,146.0,1.0,mid1,0.9625850340136054,0.9931972789115646,False,False
F24,m1-f24-mcq-9,680,147,636.0,146.0,1.0,mid1,0.9352941176470588,0.9931972789115646,False,False
F24,m1-f24-pp-21-v2,2895,147,2690.0,146.0,1.0,mid1,0.9291882556131261,0.9931972789115646,False,False
F24,m1-f24-pp-22,3056,147,2814.0,146.0,1.0,mid1,0.9208115183246073,0.9931972789115646,False,False
F24,m1-f24-pp-23,4008,147,3716.0,146.0,1.0,mid1,0.9271457085828343,0.9931972789115646,False,False
F24,m1-f24-pp-24,4990,147,4500.0,146.0,1.0,mid1,0.9018036072144289,0.9931972789115646,False,False
F24,m1-f24-pp-25,4668,146,4182.0,144.0,1.0,mid1,0.8958868894601543,0.9863013698630136,False,False
F24,m1-f24-pp-26,3930,147,3716.0,146.0,1.0,mid1,0.9455470737913486,0.9931972789115646,False,False
F24,mid1-fall24-mcq2,722,147,666.0,146.0,1.0,mid1,0.9224376731301939,0.9931972789115646,True,False
F24,mid1_w24_git,580,147,568.0,146.0,1.0,mid1,0.9793103448275862,0.9931972789115646,True,False
F24,mid2-f22-get-month-counts-ac,12292,146,12005.0,145.0,1.0,mid2,0.9766514806378133,0.9931506849315068,True,False
F24,mid2_f23_regex_mc,671,146,654.0,145.0,1.0,mid2,0.9746646795827124,0.9931506849315068,True,False
F24,mid2_f24_23_mcq_sq,700,146,682.0,145.0,1.0,mid2,0.9742857142857143,0.9931506849315068,True,False
F24,mid2_f24_q1_mcq_sq,574,146,567.0,145.0,1.0,mid2,0.9878048780487805,0.9931506849315068,True,False
F24,mid2_f24_q24_mcq_sq_v2,667,146,657.0,145.0,1.0,mid2,0.9850074962518741,0.9931506849315068,True,False
F24,mid2_f24_q25_pp_sq,3888,145,3789.0,144.0,1.0,mid2,0.9745370370370371,0.993103448275862,True,False
F24,mid2_f24_q26_pp_sq,4137,146,4020.0,145.0,1.0,mid2,0.971718636693256,0.9931506849315068,True,False
F24,mid2_f24_q9_mcq_sq,759,146,734.0,145.0,1.0,mid2,0.9670619235836627,0.9931506849315068,True,False
F24,mid2_f24_regex1_cp,759,146,734.0,145.0,1.0,mid2,0.9670619235836627,0.9931506849315068,True,False
F24,mid2_f24_weather_nested_avg_rev,4137,146,4020.0,145.0,1.0,mid2,0.971718636693256,0.9931506849315068,True,False
F24,mid2_fa22_terminal,603,146,591.0,145.0,1.0,mid2,0.9800995024875622,0.9931506849315068,True,False
F24,mid2_fall23_links_mc,601,146,593.0,145.0,1.0,mid2,0.9866888519134775,0.9931506849315068,True,False
F24,mid2_fall23_q10_sq,635,146,629.0,145.0,1.0,mid2,0.9905511811023622,0.9931506849315068,True,False
F24,mid2_fall23_q11_sq,723,146,691.0,145.0,1.0,mid2,0.9557399723374828,0.9931506849315068,True,False
F24,mid2_fall23_q13_sq_v2,795,146,768.0,145.0,1.0,mid2,0.9660377358490566,0.9931506849315068,True,False
F24,mid2_fall23_q14_sq,601,146,593.0,145.0,1.0,mid2,0.9866888519134775,0.9931506849315068,True,False
F24,mid2_fall23_q15_sq,603,146,591.0,145.0,1.0,mid2,0.9800995024875622,0.9931506849315068,True,False
F24,mid2_fall23_q16_sq,576,146,571.0,145.0,1.0,mid2,0.9913194444444444,0.9931506849315068,True,False
F24,mid2_fall23_q17_sq,605,146,595.0,145.0,1.0,mid2,0.9834710743801653,0.9931506849315068,True,False
F24,mid2_fall23_q18_sq,687,146,665.0,145.0,1.0,mid2,0.9679767103347889,0.9931506849315068,True,False
F24,mid2_fall23_q19_sq_v2,715,146,693.0,145.0,1.0,mid2,0.9692307692307692,0.9931506849315068,True,False
F24,mid2_fall23_q20_sq,717,146,692.0,145.0,1.0,mid2,0.9651324965132496,0.9931506849315068,True,False
F24,mid2_fall23_q21_sq,671,146,654.0,145.0,1.0,mid2,0.9746646795827124,0.9931506849315068,True,False
F24,mid2_fall23_q22_sq,627,146,610.0,145.0,1.0,mid2,0.9728867623604466,0.9931506849315068,True,False
F24,mid2_fall23_q27_sq,3980,146,3921.0,145.0,1.0,mid2,0.9851758793969849,0.9931506849315068,True,False
F24,mid2_fall23_q28_sq,3053,145,2999.0,144.0,1.0,mid2,0.9823124795283328,0.993103448275862,True,False
F24,mid2_fall23_q2_sq,684,146,671.0,145.0,1.0,mid2,0.9809941520467836,0.9931506849315068,True,False
F24,mid2_fall23_q33_sq,8259,146,8078.0,145.0,1.0,mid2,0.9780845138636639,0.9931506849315068,True,False
F24,mid2_fall23_q3_sq,636,146,629.0,145.0,1.0,mid2,0.9889937106918238,0.9931506849315068,True,False
F24,mid2_fall23_q4_sq,562,146,552.0,145.0,1.0,mid2,0.9822064056939501,0.9931506849315068,True,False
F24,mid2_fall23_q5_sq,687,146,662.0,145.0,1.0,mid2,0.9636098981077147,0.9931506849315068,True,False
F24,mid2_fall23_q6_sq_v2,735,146,719.0,145.0,1.0,mid2,0.9782312925170068,0.9931506849315068,True,False
F24,mid2_fall23_q8_sq,619,146,611.0,145.0,1.0,mid2,0.9870759289176091,0.9931506849315068,True,False
F24,mid2_fall23_regex_b,636,146,629.0,145.0,1.0,mid2,0.9889937106918238,0.9931506849315068,True,False
F24,mid2_fall24_q1_AB,574,146,567.0,145.0,1.0,mid2,0.9878048780487805,0.9931506849315068,True,False
F24,mid2_w23_HTML_errors,715,146,693.0,145.0,1.0,mid2,0.9692307692307692,0.9931506849315068,True,False
F24,mid2_w23_read_string,723,146,691.0,145.0,1.0,mid2,0.9557399723374828,0.9931506849315068,True,False
F24,mid2_w23_regex_greedy,605,146,595.0,145.0,1.0,mid2,0.9834710743801653,0.9931506849315068,True,False
F24,mid2_w24_csv_reader,754,146,733.0,145.0,1.0,mid2,0.9721485411140584,0.9931506849315068,True,False
F24,mid2_w24_html_mc,667,146,657.0,145.0,1.0,mid2,0.9850074962518741,0.9931506849315068,True,False
F24,mid2_w24_q12_sq_v2,604,146,595.0,145.0,1.0,mid2,0.9850993377483444,0.9931506849315068,True,False
F24,mid2_w24_q32_sq,9438,146,9307.0,145.0,1.0,mid2,0.9861199406653952,0.9931506849315068,True,False
F24,mid2_w24_q7_sq,754,146,733.0,145.0,1.0,mid2,0.9721485411140584,0.9931506849315068,True,False
F24,mid2_win22_fileEx_write_mc,635,146,629.0,145.0,1.0,mid2,0.9905511811023622,0.9931506849315068,True,False
F24,mid2_win23_from_regex,576,146,571.0,145.0,1.0,mid2,0.9913194444444444,0.9931506849315068,True,False
F24,mid2_win23_nested_dict_ac_v2,13590,146,13388.0,145.0,1.0,mid2,0.9851361295069905,0.9931506849315068,True,False
F24,mid_2__debug_continue_mc,604,146,595.0,145.0,1.0,mid2,0.9850993377483444,0.9931506849315068,True,False
F24,mid_2_fa22_unittest_mc,795,146,768.0,145.0,1.0,mid2,0.9660377358490566,0.9931506849315068,True,False
F24,mid_2_fall_23_dict_sorting,684,146,671.0,145.0,1.0,mid2,0.9809941520467836,0.9931506849315068,True,False
F24,mid_2_q12_debug_mc,717,146,692.0,145.0,1.0,mid2,0.9651324965132496,0.9931506849315068,True,False
F24,mid_2_q1_split_v3_mc,619,146,611.0,145.0,1.0,mid2,0.9870759289176091,0.9931506849315068,True,False
F24,mid_2_sorted_num_mc,627,146,610.0,145.0,1.0,mid2,0.9728867623604466,0.9931506849315068,True,False
F24,mid_2_unit_test_mc,687,146,665.0,145.0,1.0,mid2,0.9679767103347889,0.9931506849315068,True,False
F24,pp_happy_hour_specials_v2,4669,146,4182.0,144.0,1.0,mid1,0.8956950096380382,0.9863013698630136,False,False
F24,q_f24_which_assert_mcq,588,147,566.0,146.0,1.0,mid1,0.9625850340136054,0.9931972789115646,False,False
F24,q_mid1_w23_str_slice_methods,612,147,572.0,146.0,1.0,mid1,0.934640522875817,0.9931972789115646,True,False
F24,q_mid1_w24_unittest_class,727,147,656.0,146.0,1.0,mid1,0.9023383768913342,0.9931972789115646,True,False
F24,q_mid1_wn23_class_unittest_mcq_v2,695,147,659.0,146.0,1.0,mid1,0.9482014388489208,0.9931972789115646,True,False
F24,q_mid1f22_less_dict_v2,7050,147,6787.0,146.0,1.0,mid1,0.9626950354609929,0.9931972789115646,True,False
F24,q_mid2_wn23_nested_dict_mc,562,146,552.0,145.0,1.0,mid2,0.9822064056939501,0.9931506849315068,True,False
F24,q_midf21_call_parent_method,744,145,647.0,143.0,1.0,mid1,0.8696236559139785,0.9862068965517241,True,False
F24,q_midf21_class_car_test_pp_v2,4991,147,4500.0,146.0,1.0,mid1,0.9016229212582649,0.9931972789115646,True,False
F24,q_midf21_class_song_pp,2895,147,2691.0,146.0,1.0,mid1,0.9295336787564766,0.9931972789115646,True,False
F24,q_midf21_combo_price_ac_v3,8139,147,7660.0,146.0,1.0,mid1,0.9411475611254454,0.9931972789115646,True,False
F24,q_midf21_cond_weather_ac,6649,147,6400.0,146.0,1.0,mid1,0.9625507595127086,0.9931972789115646,True,False
F24,q_midf21_create_dog_class,860,147,740.0,146.0,1.0,mid1,0.8604651162790697,0.9931972789115646,True,False
F24,q_midf21_immutable?,680,147,636.0,146.0,1.0,mid1,0.9352941176470588,0.9931972789115646,True,False
F24,q_midf21_method_on_create_fitb,618,147,584.0,146.0,1.0,mid1,0.9449838187702265,0.9931972789115646,True,False
F24,q_midf21_no_return_fitb,590,147,565.0,146.0,1.0,mid1,0.9576271186440678,0.9931972789115646,True,False
F24,q_midf21_several_ifs_fitb,794,147,653.0,146.0,1.0,mid1,0.8224181360201511,0.9931972789115646,True,False
F24,q_midf21_turtle_draw_E_pp_v2,3930,147,3716.0,146.0,1.0,mid1,0.9455470737913486,0.9931972789115646,True,False
F24,q_midf21_two_list_to_dict_pp,3056,147,2814.0,146.0,1.0,mid1,0.9208115183246073,0.9931972789115646,True,False
F24,q_midf21_while_and,628,147,596.0,146.0,1.0,mid1,0.9490445859872612,0.9931972789115646,True,False
F24,q_midf22_class_pet_which_method,679,147,627.0,145.0,1.0,mid1,0.9234167893961709,0.9863945578231292,True,False
F24,q_midw22_album_and_song,630,147,606.0,146.0,1.0,mid1,0.9619047619047619,0.9931972789115646,True,False
F24,q_midw22_loop_controls_mcq,572,147,551.0,146.0,1.0,mid1,0.9632867132867133,0.9931972789115646,True,False
F24,q_midw23_git,661,147,640.0,146.0,1.0,mid1,0.9682299546142209,0.9931972789115646,True,False
F24,q_midw23_index_dup_pp_v2,4008,147,3716.0,146.0,1.0,mid1,0.9271457085828343,0.9931972789115646,True,False
F24,q_midw23_object_attributes_and_methods_v2,684,147,616.0,146.0,1.0,mid1,0.9005847953216374,0.9931972789115646,True,False
F24,regex_digits_mc,735,146,719.0,145.0,1.0,mid2,0.9782312925170068,0.9931506849315068,False,False
F24,sd-mcq-read-file,701,146,682.0,145.0,1.0,mid2,0.9728958630527818,0.9931506849315068,False,False
F24,sd-negative-slicing-mcq,587,147,558.0,146.0,1.0,mid1,0.9505962521294719,0.9931972789115646,False,False
F24,strip_mc,687,146,662.0,145.0,1.0,mid2,0.9636098981077147,0.9931506849315068,False,False
F25,M1-F25-AC-29-sq,73382,125,72686.0,125.0,1.0,mid1,0.9905153852443378,1.0,False,False
F25,M1-F25-AC-30-v4,92246,125,88306.0,125.0,1.0,mid1,0.957288120894131,1.0,False,False
F25,M1-F25-FITB-16,878,125,812.0,125.0,1.0,mid1,0.9248291571753986,1.0,False,False
F25,M1-F25-FITB-17,778,125,736.0,125.0,1.0,mid1,0.9460154241645244,1.0,False,False
F25,M1-F25-FITB-17-sq,778,125,736.0,125.0,1.0,mid1,0.9460154241645244,1.0,False,False
F25,M1-F25-FITB-18,720,125,684.0,125.0,1.0,mid1,0.95,1.0,False,False
F25,M1-F25-FITB-Ifs,720,125,684.0,125.0,1.0,mid1,0.95,1.0,False,False
F25,M1-F25-MCQ-1-sq-v2,607,125,582.0,125.0,1.0,mid1,0.9588138385502472,1.0,False,False
F25,M1-F25-MCQ-12-sq,678,125,655.0,125.0,1.0,mid1,0.9660766961651918,1.0,False,False
F25,M1-F25-MCQ-13,825,125,751.0,125.0,1.0,mid1,0.9103030303030303,1.0,False,False
F25,M1-F25-MCQ-13-sq,825,125,751.0,125.0,1.0,mid1,0.9103030303030303,1.0,False,False
F25,M1-F25-MCQ-2-sq,664,125,632.0,125.0,1.0,mid1,0.9518072289156626,1.0,False,False
F25,M1-F25-MCQ-2-v2,664,125,632.0,125.0,1.0,mid1,0.9518072289156626,1.0,False,False
F25,M1-F25-MCQ-3,701,125,662.0,125.0,1.0,mid1,0.9443651925820257,1.0,False,False
F25,M1-F25-MCQ-3-sq,701,125,662.0,125.0,1.0,mid1,0.9443651925820257,1.0,False,False
F25,M1-F25-MCQ-5,767,125,727.0,125.0,1.0,mid1,0.9478487614080835,1.0,False,False
F25,M1-F25-MCQ-5-sq,767,125,727.0,125.0,1.0,mid1,0.9478487614080835,1.0,False,False
F25,M1-F25-MCQ-6-sq,665,125,645.0,125.0,1.0,mid1,0.9699248120300752,1.0,False,False
F25,M1-F25-MCQ-7,778,125,720.0,125.0,1.0,mid1,0.9254498714652957,1.0,False,False
F25,M1-F25-MCQ-9-sq,767,125,734.0,125.0,1.0,mid1,0.9569752281616688,1.0,False,False
F25,M1-F25-PP-21-sq,2779,125,2667.0,125.0,1.0,mid1,0.9596977329974811,1.0,False,False
F25,M1-F25-PP-22-sq,2450,125,2361.0,125.0,1.0,mid1,0.9636734693877551,1.0,False,False
F25,M1-F25-PP-23-sq,3247,125,2932.0,125.0,1.0,mid1,0.902987372959655,1.0,False,False
F25,M1-F25-PP-25-sq,3520,125,3253.0,125.0,1.0,mid1,0.9241477272727273,1.0,False,False
F25,M1-F25-PP-27-v2,2633,125,2593.0,125.0,1.0,mid1,0.9848082035700721,1.0,False,False
F25,M1-F25-mcq6-v2,665,125,645.0,125.0,1.0,mid1,0.9699248120300752,1.0,False,False
F25,M1-F25-mcq9-v2,767,125,734.0,125.0,1.0,mid1,0.9569752281616688,1.0,False,False
F25,M1-F25-pp-rectangle,2450,125,2361.0,125.0,1.0,mid1,0.9636734693877551,1.0,False,False
F25,M1-F25-question-12,678,125,655.0,125.0,1.0,mid1,0.9660766961651918,1.0,False,False
F25,M1-F25_question_1,607,125,582.0,125.0,1.0,mid1,0.9588138385502472,1.0,False,False
F25,M2-F25-AC-AGZ-2,143637,126,142660.0,126.0,1.0,mid2,0.9931981314006837,1.0,False,False
F25,M2-F25-MCQ-AGZ-1,660,126,613.0,126.0,1.0,mid2,0.9287878787878788,1.0,False,False
F25,M2-F25-MCQ-BE-1,718,126,678.0,126.0,1.0,mid2,0.9442896935933147,1.0,False,False
F25,M2-F25-MCQ-MMH-2,579,126,573.0,126.0,1.0,mid2,0.9896373056994818,1.0,False,False
F25,M2-F25-MCQ-SCz-2,732,126,689.0,126.0,1.0,mid2,0.9412568306010929,1.0,False,False
F25,Mid2-f25-q18-mcq-sq,660,126,613.0,126.0,1.0,mid2,0.9287878787878788,1.0,True,False
F25,ac_movie_genre_count_v3,95605,125,91537.0,125.0,1.0,mid1,0.957449924167146,1.0,False,False
F25,exp1_pp1a,4854,125,2932.0,125.0,1.0,mid1,0.604037906880923,1.0,False,False
F25,file_get_cat_pp,3314,126,3166.0,126.0,1.0,mid2,0.9553409776704889,1.0,False,False
F25,func_ll_pp_total_even,4309,125,2667.0,125.0,1.0,mid1,0.6189371083778139,1.0,False,False
F25,html_pp,3971,126,3820.0,126.0,1.0,mid2,0.9619743137748678,1.0,False,False
F25,m1-f24-ac-27,52283,125,50974.0,125.0,1.0,mid1,0.9749631811487481,1.0,False,False
F25,m1-f24-fitb-19,795,125,748.0,125.0,1.0,mid1,0.9408805031446541,1.0,False,False
F25,m1-f24-fitb-20,774,125,756.0,125.0,1.0,mid1,0.9767441860465116,1.0,False,False
F25,m1-f24-mcq-10,647,125,629.0,125.0,1.0,mid1,0.9721792890262752,1.0,False,False
F25,m1-f24-mcq-11,703,125,661.0,125.0,1.0,mid1,0.9402560455192034,1.0,False,False
F25,m1-f24-mcq-14,597,125,595.0,125.0,1.0,mid1,0.9966499162479062,1.0,False,False
F25,m1-f24-mcq-15,962,125,849.0,125.0,1.0,mid1,0.8825363825363826,1.0,False,False
F25,m1-f24-mcq-8,662,125,648.0,125.0,1.0,mid1,0.9788519637462235,1.0,False,False
F25,m1-f24-pp-22,3175,125,2962.0,125.0,1.0,mid1,0.9329133858267716,1.0,False,False
F25,m1-f24-pp-24,4729,125,4439.0,125.0,1.0,mid1,0.9386762529075915,1.0,False,False
F25,m1-f25-mcq-4,648,125,635.0,125.0,1.0,mid1,0.9799382716049383,1.0,False,False
F25,m2-f25-q21-mcq-sq,637,126,614.0,126.0,1.0,mid2,0.9638932496075353,1.0,False,False
F25,m2-f25-q26-pp-sq,4702,126,4293.0,126.0,1.0,mid2,0.9130157379838366,1.0,False,False
F25,m2-f25-q29-ac-sq,140165,126,139244.0,126.0,1.0,mid2,0.9934291727606749,1.0,False,False
F25,m2-f25-q3-mcq-sq,718,126,678.0,126.0,1.0,mid2,0.9442896935933147,1.0,False,False
F25,mid-f25-q28-v3,75495,125,74718.0,125.0,1.0,mid1,0.9897079276773296,1.0,True,False
F25,mid1_w24_git,598,125,595.0,125.0,1.0,mid1,0.9949832775919732,1.0,True,False
F25,mid2-f22-get-month-counts-ac,121888,126,121177.0,126.0,1.0,mid2,0.9941667760567078,1.0,True,False
F25,mid2-f25-q14-mcq-sq,586,126,575.0,126.0,1.0,mid2,0.9812286689419796,1.0,True,False
F25,mid2-f25-q2-mcq-sq,746,126,714.0,126.0,1.0,mid2,0.9571045576407506,1.0,True,False
F25,mid2-f25-q4-mcq-sq,579,126,573.0,126.0,1.0,mid2,0.9896373056994818,1.0,True,False
F25,mid2-f25-q7-mcq-sq,802,126,751.0,126.0,1.0,mid2,0.9364089775561097,1.0,True,False
F25,mid2-f25-q9-mcq-sq,732,126,689.0,126.0,1.0,mid2,0.9412568306010929,1.0,True,False
F25,mid2_f24_23_mcq_sq,759,126,686.0,126.0,1.0,mid2,0.9038208168642952,1.0,True,False
F25,mid2_f24_q1_mcq_sq,576,126,565.0,126.0,1.0,mid2,0.9809027777777778,1.0,True,False
F25,mid2_f24_q24_mcq_sq_v2,667,126,650.0,126.0,1.0,mid2,0.974512743628186,1.0,True,False
F25,mid2_f24_q25_pp_sq,4287,126,4092.0,126.0,1.0,mid2,0.9545136459062281,1.0,True,False
F25,mid2_f24_weather_nested_avg_rev2,4702,126,4293.0,126.0,1.0,mid2,0.9130157379838366,1.0,True,False
F25,mid2_f25_csv_reader,802,126,751.0,126.0,1.0,mid2,0.9364089775561097,1.0,True,False
F25,mid2_f25_regex_mc_v2,637,126,614.0,126.0,1.0,mid2,0.9638932496075353,1.0,True,False
F25,mid2_fa25_terminal_v2,586,126,575.0,126.0,1.0,mid2,0.9812286689419796,1.0,True,False
F25,mid2_fall23_links_mc,621,126,605.0,126.0,1.0,mid2,0.9742351046698873,1.0,True,False
F25,mid2_fall23_q10_sq,572,126,559.0,126.0,1.0,mid2,0.9772727272727273,1.0,True,False
F25,mid2_fall23_q11_sq,710,126,654.0,126.0,1.0,mid2,0.9211267605633803,1.0,True,False
F25,mid2_fall23_q13_sq_v2,774,126,712.0,126.0,1.0,mid2,0.9198966408268734,1.0,True,False
F25,mid2_fall23_q14_sq,621,126,605.0,126.0,1.0,mid2,0.9742351046698873,1.0,True,False
F25,mid2_fall23_q16_sq,570,126,563.0,126.0,1.0,mid2,0.987719298245614,1.0,True,False
F25,mid2_fall23_q17_sq,578,126,571.0,126.0,1.0,mid2,0.9878892733564014,1.0,True,False
F25,mid2_fall23_q19_sq_v2,717,126,685.0,126.0,1.0,mid2,0.9553695955369595,1.0,True,False
F25,mid2_fall23_q20_sq,715,126,648.0,126.0,1.0,mid2,0.9062937062937063,1.0,True,False
F25,mid2_fall23_q22_sq,641,126,575.0,126.0,1.0,mid2,0.8970358814352574,1.0,True,False
F25,mid2_fall23_q27_sq,3971,126,3820.0,126.0,1.0,mid2,0.9619743137748678,1.0,True,False
F25,mid2_fall23_q28_sq,3314,126,3166.0,126.0,1.0,mid2,0.9553409776704889,1.0,True,False
F25,mid2_fall23_q33_sq,117486,126,116852.0,126.0,1.0,mid2,0.9946036123453007,1.0,True,False
F25,mid2_fall23_q5_sq,664,126,606.0,126.0,1.0,mid2,0.9126506024096386,1.0,True,False
F25,mid2_fall23_q6_sq_v2,698,126,642.0,126.0,1.0,mid2,0.9197707736389685,1.0,True,False
F25,mid2_fall23_q8_sq,615,126,587.0,126.0,1.0,mid2,0.9544715447154472,1.0,True,False
F25,mid2_fall24_q1_AB,576,126,565.0,126.0,1.0,mid2,0.9809027777777778,1.0,True,False
F25,mid2_w23_HTML_errors,717,126,685.0,126.0,1.0,mid2,0.9553695955369595,1.0,True,False
F25,mid2_w23_read_string,710,126,654.0,126.0,1.0,mid2,0.9211267605633803,1.0,True,False
F25,mid2_w23_regex_greedy,578,126,571.0,126.0,1.0,mid2,0.9878892733564014,1.0,True,False
F25,mid2_w24_html_mc,667,126,650.0,126.0,1.0,mid2,0.974512743628186,1.0,True,False
F25,mid2_win22_fileEx_write_mc,572,126,559.0,126.0,1.0,mid2,0.9772727272727273,1.0,True,False
F25,mid2_win23_from_regex,570,126,563.0,126.0,1.0,mid2,0.987719298245614,1.0,True,False
F25,mid_2_fa22_unittest_mc,774,126,712.0,126.0,1.0,mid2,0.9198966408268734,1.0,True,False
F25,mid_2_fall_23_dict_sorting_v2,746,126,714.0,126.0,1.0,mid2,0.9571045576407506,1.0,True,False
F25,mid_2_q12_debug_mc,715,126,648.0,126.0,1.0,mid2,0.9062937062937063,1.0,True,False
F25,mid_2_q1_split_v3_mc,615,126,587.0,126.0,1.0,mid2,0.9544715447154472,1.0,True,False
F25,mid_2_sorted_num_mc,641,126,575.0,126.0,1.0,mid2,0.8970358814352574,1.0,True,False
F25,q_f24_which_assert_mcq,662,125,648.0,125.0,1.0,mid1,0.9788519637462235,1.0,False,False
F25,q_mid1_w23_str_slice_methods,648,125,635.0,125.0,1.0,mid1,0.9799382716049383,1.0,True,False
F25,q_mid1f22_less_dict_v2,55094,125,53692.0,125.0,1.0,mid1,0.9745525828583875,1.0,True,False
F25,q_midf21_call_parent_method,795,125,748.0,125.0,1.0,mid1,0.9408805031446541,1.0,True,False
F25,q_midf21_class_car_test_pp_v2,4729,125,4439.0,125.0,1.0,mid1,0.9386762529075915,1.0,True,False
F25,q_midf21_create_dog_class,962,125,849.0,125.0,1.0,mid1,0.8825363825363826,1.0,True,False
F25,q_midf21_immutable?,778,125,720.0,125.0,1.0,mid1,0.9254498714652957,1.0,True,False
F25,q_midf21_method_on_create_fitb,774,125,756.0,125.0,1.0,mid1,0.9767441860465116,1.0,True,False
F25,q_midf21_two_list_to_dict_pp,3175,125,2962.0,125.0,1.0,mid1,0.9329133858267716,1.0,True,False
F25,q_midw22_album_and_song,647,125,629.0,125.0,1.0,mid1,0.9721792890262752,1.0,True,False
F25,q_midw23_git,703,125,661.0,125.0,1.0,mid1,0.9402560455192034,1.0,True,False
F25,q_midw23_object_attributes_and_methods_v2,878,125,812.0,125.0,1.0,mid1,0.9248291571753986,1.0,True,False
F25,regex_digits_mc,698,126,642.0,126.0,1.0,mid2,0.9197707736389685,1.0,False,False
F25,sd-mcq-read-file,759,126,686.0,126.0,1.0,mid2,0.9038208168642952,1.0,False,False
F25,strip_mc,664,126,606.0,126.0,1.0,mid2,0.9126506024096386,1.0,False,False
F25,turtle_3_2_DrawA_v2,2633,125,2593.0,125.0,1.0,mid1,0.9848082035700721,1.0,False,False
W22,Exercises_bsoup_mc11,2,2,1.0,1.0,1.0,mid2,0.5,0.5,False,False
W22,Exercises_bsoup_mc12,2,2,1.0,1.0,1.0,mid2,0.5,0.5,False,False
W22,Exercises_bsoup_mc9,4,2,2.0,1.0,1.0,mid2,0.5,0.5,False,False
W22,beautifulsoup_fill,373,121,363.0,119.0,1.0,mid2,0.9731903485254692,0.9834710743801653,False,False
W22,count_evens,6001,126,5863.0,124.0,1.0,mid1,0.9770038326945509,0.9841269841269841,False,False
W22,dp_get_counts_dict_pp,1462,126,1437.0,124.0,1.0,mid1,0.9829001367989056,0.9841269841269841,False,False
W22,file_get_cat_pp,1671,121,1645.0,119.0,1.0,mid2,0.9844404548174746,0.9834710743801653,False,False
W22,get_min_day_ac,9446,121,9213.0,120.0,1.0,mid2,0.9753334744865552,0.9917355371900827,False,False
W22,html_pp,2132,121,2091.0,119.0,1.0,mid2,0.9807692307692307,0.9834710743801653,False,False
W22,mid1w22_q10_mcq_sq,555,126,547.0,124.0,1.0,mid1,0.9855855855855856,0.9841269841269841,True,False
W22,mid1w22_q11_mcq_sq,365,125,363.0,124.0,1.0,mid1,0.9945205479452055,0.992,True,False
W22,mid1w22_q12_mcq_sq,334,126,329.0,124.0,1.0,mid1,0.9850299401197605,0.9841269841269841,True,False
W22,mid1w22_q13_mcq_sq,364,126,361.0,124.0,1.0,mid1,0.9917582417582418,0.9841269841269841,True,False
W22,mid1w22_q14_mcq_sq,376,126,372.0,124.0,1.0,mid1,0.9893617021276596,0.9841269841269841,True,False
W22,mid1w22_q15_mcq_sq,410,126,405.0,124.0,1.0,mid1,0.9878048780487805,0.9841269841269841,True,False
W22,mid1w22_q16_fitb_sq,355,126,351.0,124.0,1.0,mid1,0.9887323943661972,0.9841269841269841,True,False
W22,mid1w22_q17_fitb_sq,404,126,399.0,124.0,1.0,mid1,0.9876237623762376,0.9841269841269841,True,False
W22,mid1w22_q18_fitb_sq,371,125,368.0,123.0,1.0,mid1,0.9919137466307277,0.984,True,False
W22,mid1w22_q19_fitb_sq,415,126,411.0,124.0,1.0,mid1,0.9903614457831326,0.9841269841269841,True,False
W22,mid1w22_q1_mcq_sq,364,126,360.0,124.0,1.0,mid1,0.989010989010989,0.9841269841269841,True,False
W22,mid1w22_q20_fitb_sq,495,126,488.0,124.0,1.0,mid1,0.9858585858585859,0.9841269841269841,True,False
W22,mid1w22_q21_pp_sq,1322,126,1302.0,124.0,1.0,mid1,0.9848714069591528,0.9841269841269841,True,False
W22,mid1w22_q22_pp_sq,1462,126,1437.0,124.0,1.0,mid1,0.9829001367989056,0.9841269841269841,True,False
W22,mid1w22_q23_pp_sq,2309,126,2275.0,124.0,1.0,mid1,0.9852750108271979,0.9841269841269841,True,False
W22,mid1w22_q24_pp_sq,3202,125,3130.0,123.0,1.0,mid1,0.9775140537164272,0.984,True,False
W22,mid1w22_q25_pp_sq,1481,126,1453.0,124.0,1.0,mid1,0.9810938555030385,0.9841269841269841,True,False
W22,mid1w22_q26_pp_sq,1524,126,1498.0,124.0,1.0,mid1,0.9829396325459318,0.9841269841269841,True,False
W22,mid1w22_q27_pp_sq,4328,126,4230.0,124.0,1.0,mid1,0.9773567467652495,0.9841269841269841,True,False
W22,mid1w22_q28_pp_sq,2920,126,2835.0,124.0,1.0,mid1,0.9708904109589042,0.9841269841269841,True,False
W22,mid1w22_q29_pp_sq,7258,126,7040.0,124.0,1.0,mid1,0.9699641774593551,0.9841269841269841,True,False
W22,mid1w22_q2_mcq_sq,350,126,347.0,124.0,1.0,mid1,0.9914285714285714,0.9841269841269841,True,False
W22,mid1w22_q30_ac_sq,3976,126,3820.0,124.0,1.0,mid1,0.9607645875251509,0.9841269841269841,True,False
W22,mid1w22_q31_ac_sq,9995,125,9921.0,124.0,1.0,mid1,0.9925962981490746,0.992,True,False
W22,mid1w22_q3_mcq_sq,309,126,306.0,124.0,1.0,mid1,0.9902912621359223,0.9841269841269841,True,False
W22,mid1w22_q4_mcq_sq,393,126,390.0,124.0,1.0,mid1,0.9923664122137404,0.9841269841269841,True,False
W22,mid1w22_q5_mcq_sq,379,126,374.0,124.0,1.0,mid1,0.9868073878627969,0.9841269841269841,True,False
W22,mid1w22_q6_mcq_sq,353,126,348.0,124.0,1.0,mid1,0.9858356940509915,0.9841269841269841,True,False
W22,mid1w22_q7_mcq_sq,357,126,353.0,124.0,1.0,mid1,0.988795518207283,0.9841269841269841,True,False
W22,mid1w22_q8_mcq_sq,319,126,315.0,124.0,1.0,mid1,0.987460815047022,0.9841269841269841,True,False
W22,mid1w22_q9_mcq_sq,370,126,365.0,124.0,1.0,mid1,0.9864864864864865,0.9841269841269841,True,False
W22,mid2_regex_slash_b_mc,398,121,394.0,119.0,1.0,mid2,0.9899497487437185,0.9834710743801653,True,False
W22,mid2_w22_find_all_wb_fitb,393,121,383.0,119.0,1.0,mid2,0.9745547073791349,0.9834710743801653,True,False
W22,mid2_win22_bs_parent_child,417,121,411.0,119.0,1.0,mid2,0.9856115107913669,0.9834710743801653,True,False
W22,mid2_win22_fileEx_write_mc,308,121,304.0,119.0,1.0,mid2,0.987012987012987,0.9834710743801653,True,False
W22,mid2_win22_get_dogs_try_except_ac,8465,121,8370.0,120.0,1.0,mid2,0.9887773183697578,0.9917355371900827,True,False
W22,mid2_win22_nested_type_mc,293,121,289.0,119.0,1.0,mid2,0.9863481228668942,0.9834710743801653,True,False
W22,mid2_win22_pi_soup_find_mc,366,121,358.0,119.0,1.0,mid2,0.9781420765027322,0.9834710743801653,True,False
W22,mid2_win22_q10_sq,308,121,304.0,119.0,1.0,mid2,0.987012987012987,0.9834710743801653,True,False
W22,mid2_win22_q11_sq,357,121,352.0,119.0,1.0,mid2,0.9859943977591037,0.9834710743801653,True,False
W22,mid2_win22_q12_sq,398,121,394.0,119.0,1.0,mid2,0.9899497487437185,0.9834710743801653,True,False
W22,mid2_win22_q13_sq,366,121,358.0,119.0,1.0,mid2,0.9781420765027322,0.9834710743801653,True,False
W22,mid2_win22_q14_sq,434,121,430.0,119.0,1.0,mid2,0.9907834101382489,0.9834710743801653,True,False
W22,mid2_win22_q15_sq,344,121,339.0,119.0,1.0,mid2,0.9854651162790697,0.9834710743801653,True,False
W22,mid2_win22_q16_sq,390,121,384.0,119.0,1.0,mid2,0.9846153846153847,0.9834710743801653,True,False
W22,mid2_win22_q17_sq,415,121,410.0,119.0,1.0,mid2,0.9879518072289156,0.9834710743801653,True,False
W22,mid2_win22_q18_sq,344,121,338.0,119.0,1.0,mid2,0.9825581395348837,0.9834710743801653,True,False
W22,mid2_win22_q19_sq,373,121,363.0,119.0,1.0,mid2,0.9731903485254692,0.9834710743801653,True,False
W22,mid2_win22_q1_sq,344,120,339.0,118.0,1.0,mid2,0.9854651162790697,0.9833333333333333,True,False
W22,mid2_win22_q20_sq,46,12,46.0,12.0,1.0,mid2,1.0,1.0,True,False
W22,mid2_win22_q20_v2_sq,347,109,337.0,107.0,1.0,mid2,0.9711815561959655,0.981651376146789,True,False
W22,mid2_win22_q21_sq,341,121,335.0,119.0,1.0,mid2,0.9824046920821115,0.9834710743801653,True,False
W22,mid2_win22_q22_sq,325,121,319.0,119.0,1.0,mid2,0.9815384615384616,0.9834710743801653,True,False
W22,mid2_win22_q23_sq,329,121,321.0,119.0,1.0,mid2,0.9756838905775076,0.9834710743801653,True,False
W22,mid2_win22_q24_sq,2132,121,2091.0,119.0,1.0,mid2,0.9807692307692307,0.9834710743801653,True,False
W22,mid2_win22_q25_sq,1671,121,1645.0,119.0,1.0,mid2,0.9844404548174746,0.9834710743801653,True,False
W22,mid2_win22_q26_sq,2099,121,2063.0,119.0,1.0,mid2,0.9828489757027156,0.9834710743801653,True,False
W22,mid2_win22_q27_sq,1407,120,1386.0,118.0,1.0,mid2,0.9850746268656716,0.9833333333333333,True,False
W22,mid2_win22_q28_sq,1185,121,1158.0,119.0,1.0,mid2,0.9772151898734177,0.9834710743801653,True,False
W22,mid2_win22_q29_sq,1271,121,1242.0,119.0,1.0,mid2,0.977183320220299,0.9834710743801653,True,False
W22,mid2_win22_q2_sq,293,121,289.0,119.0,1.0,mid2,0.9863481228668942,0.9834710743801653,True,False
W22,mid2_win22_q30_sq,8963,121,8813.0,120.0,1.0,mid2,0.983264531964744,0.9917355371900827,True,False
W22,mid2_win22_q31_sq,6931,121,6760.0,120.0,1.0,mid2,0.975328235463858,0.9917355371900827,True,False
W22,mid2_win22_q32_sq,6263,121,6191.0,120.0,1.0,mid2,0.9885039118633243,0.9917355371900827,True,False
W22,mid2_win22_q3_sq,344,121,341.0,119.0,1.0,mid2,0.9912790697674418,0.9834710743801653,True,False
W22,mid2_win22_q4_sq,471,121,467.0,119.0,1.0,mid2,0.9915074309978769,0.9834710743801653,True,False
W22,mid2_win22_q5_sq,417,121,411.0,119.0,1.0,mid2,0.9856115107913669,0.9834710743801653,True,False
W22,mid2_win22_q6_sq,421,121,419.0,119.0,1.0,mid2,0.995249406175772,0.9834710743801653,True,False
W22,mid2_win22_q7_sq,352,121,346.0,119.0,1.0,mid2,0.9829545454545454,0.9834710743801653,True,False
W22,mid2_win22_q8_sq,326,121,320.0,119.0,1.0,mid2,0.9815950920245399,0.9834710743801653,True,False
W22,mid2_win22_q9_sq,298,121,292.0,119.0,1.0,mid2,0.9798657718120806,0.9834710743801653,True,False
W22,mid2_win22_regex_num_found_s_mc,344,120,339.0,118.0,1.0,mid2,0.9854651162790697,0.9833333333333333,True,False
W22,mid2_win22_w_plus_regex,298,121,292.0,119.0,1.0,mid2,0.9798657718120806,0.9834710743801653,True,False
W22,mid_2_create_list_from_two_lists_pp,1407,120,1386.0,118.0,1.0,mid2,0.9850746268656716,0.9833333333333333,True,False
W22,mid_2_dict_sorting_mc,421,121,419.0,119.0,1.0,mid2,0.995249406175772,0.9834710743801653,True,False
W22,mid_2_git_move_to_github_mc,344,121,339.0,119.0,1.0,mid2,0.9854651162790697,0.9834710743801653,True,False
W22,mid_2_html_attr_fill,325,121,319.0,119.0,1.0,mid2,0.9815384615384616,0.9834710743801653,True,False
W22,mid_2_html_attributes_mc,352,121,346.0,119.0,1.0,mid2,0.9829545454545454,0.9834710743801653,True,False
W22,mid_2_html_true_mc,390,121,384.0,119.0,1.0,mid2,0.9846153846153847,0.9834710743801653,True,False
W22,mid_2_q11_regex_mc,344,121,338.0,119.0,1.0,mid2,0.9825581395348837,0.9834710743801653,True,False
W22,mid_2_q12_debug_mc,415,121,410.0,119.0,1.0,mid2,0.9879518072289156,0.9834710743801653,True,False
W22,mid_2_q1_split_v3_mc,326,121,320.0,119.0,1.0,mid2,0.9815950920245399,0.9834710743801653,True,False
W22,mid_2_sorted_num_mc,357,121,352.0,119.0,1.0,mid2,0.9859943977591037,0.9834710743801653,True,False
W22,mid_2_soup_get_dict_img_pp,1271,121,1242.0,119.0,1.0,mid2,0.977183320220299,0.9834710743801653,True,False
W22,mid_2_soup_total_nums_in_div_with_class_pp,1185,121,1158.0,119.0,1.0,mid2,0.9772151898734177,0.9834710743801653,True,False
W22,mid_2_unit_test_mc,434,121,430.0,119.0,1.0,mid2,0.9907834101382489,0.9834710743801653,True,False
W22,mid_2_w22_nested_dict_fitb,341,121,335.0,119.0,1.0,mid2,0.9824046920821115,0.9834710743801653,True,False
W22,midterm_2_practice_findall_no_cg_fib,329,121,321.0,119.0,1.0,mid2,0.9756838905775076,0.9834710743801653,True,False
W22,q28_midw21_strings_join,5537,126,5333.0,124.0,1.0,mid1,0.9631569441936066,0.9841269841269841,True,False
W22,q_midf21_call_parent_method,495,126,488.0,124.0,1.0,mid1,0.9858585858585859,0.9841269841269841,True,False
W22,q_midf21_class_attibute_or_method,370,126,365.0,124.0,1.0,mid1,0.9864864864864865,0.9841269841269841,True,False
W22,q_midf21_class_car_test_pp,2309,126,2275.0,124.0,1.0,mid1,0.9852750108271979,0.9841269841269841,True,False
W22,q_midf21_class_pet_which_method,376,126,372.0,124.0,1.0,mid1,0.9893617021276596,0.9841269841269841,True,False
W22,q_midf21_class_song_pp,1481,126,1453.0,124.0,1.0,mid1,0.9810938555030385,0.9841269841269841,True,False
W22,q_midf21_cnd,319,126,315.0,124.0,1.0,mid1,0.987460815047022,0.9841269841269841,True,False
W22,q_midf21_combo_str_ac,13235,125,13135.0,124.0,1.0,mid1,0.9924442765394786,0.992,True,False
W22,q_midf21_cond_weather_ac,4116,126,4000.0,124.0,1.0,mid1,0.9718172983479106,0.9841269841269841,True,False
W22,q_midf21_create_dog_class,555,126,547.0,124.0,1.0,mid1,0.9855855855855856,0.9841269841269841,True,False
W22,q_midf21_curr_obj_name_fitb,415,126,411.0,124.0,1.0,mid1,0.9903614457831326,0.9841269841269841,True,False
W22,q_midf21_git,309,126,306.0,124.0,1.0,mid1,0.9902912621359223,0.9841269841269841,True,False
W22,q_midf21_immutable?,410,126,405.0,124.0,1.0,mid1,0.9878048780487805,0.9841269841269841,True,False
W22,q_midf21_keyword,364,126,361.0,124.0,1.0,mid1,0.9917582417582418,0.9841269841269841,True,False
W22,q_midf21_list_append,379,126,374.0,124.0,1.0,mid1,0.9868073878627969,0.9841269841269841,True,False
W22,q_midf21_method_on_create_fitb,355,126,351.0,124.0,1.0,mid1,0.9887323943661972,0.9841269841269841,True,False
W22,q_midf21_no_return_fitb,371,125,368.0,123.0,1.0,mid1,0.9919137466307277,0.984,True,False
W22,q_midf21_party_hats_pp,1322,126,1302.0,124.0,1.0,mid1,0.9848714069591528,0.9841269841269841,True,False
W22,q_midf21_several_ifs_fitb,404,126,399.0,124.0,1.0,mid1,0.9876237623762376,0.9841269841269841,True,False
W22,q_midf21_slicing_str_mc,357,126,353.0,124.0,1.0,mid1,0.988795518207283,0.9841269841269841,True,False
W22,q_midf21_tuple_not_error,393,126,390.0,124.0,1.0,mid1,0.9923664122137404,0.9841269841269841,True,False
W22,q_midf21_turtle_draw_E_pp,3202,125,3130.0,123.0,1.0,mid1,0.9775140537164272,0.984,True,False
W22,q_midf21_two_list_to_dict_pp,1524,126,1499.0,124.0,1.0,mid1,0.9835958005249343,0.9841269841269841,True,False
W22,q_midf21_while_and,365,125,363.0,124.0,1.0,mid1,0.9945205479452055,0.992,True,False
W22,q_midw22_album_and_song,353,126,348.0,124.0,1.0,mid1,0.9858356940509915,0.9841269841269841,True,False
W22,q_midw22_dog_instance,350,126,347.0,124.0,1.0,mid1,0.9914285714285714,0.9841269841269841,True,False
W22,q_midw22_loop_controls_mcq,364,126,360.0,124.0,1.0,mid1,0.989010989010989,0.9841269841269841,True,False
W22,q_midw22_sum13_ac,9705,126,9414.0,124.0,1.0,mid1,0.970015455950541,0.9841269841269841,True,False
W22,regex_digits_mc,471,121,467.0,119.0,1.0,mid2,0.9915074309978769,0.9834710743801653,False,False
W22,regex_ranges_ac,12220,121,12029.0,120.0,1.0,mid2,0.9843698854337152,0.9917355371900827,False,False
W22,strip_mc,344,121,341.0,119.0,1.0,mid2,0.9912790697674418,0.9834710743801653,False,False
W22,terminal_command,334,126,329.0,124.0,1.0,mid1,0.9850299401197605,0.9841269841269841,False,False
W23,Mid1-Win23-Time-And-Half-With-Pause,6,1,4.0,1.0,1.0,mid1,0.6666666666666666,1.0,True,False
W23,Mid2-Win23-Jess,4,1,2.0,1.0,1.0,mid2,0.5,1.0,True,False
W23,beautifulsoup_fill,588,189,582.0,186.0,1.0,mid2,0.9897959183673469,0.9841269841269841,False,False
W23,dp_get_counts_dict_pp,4679,190,2573.0,185.0,1.0,mid1,0.5499038256037615,0.9736842105263158,False,False
W23,file_get_cat_pp,2428,189,2370.0,186.0,1.0,mid2,0.9761120263591433,0.9841269841269841,False,False
W23,get_min_day_ac,16802,189,16618.0,186.0,1.0,mid2,0.989048922747292,0.9841269841269841,False,False
W23,html_pp,3129,189,3076.0,186.0,1.0,mid2,0.9830616810482582,0.9841269841269841,False,False
W23,m1w23_turtle_which_draws,549,189,543.0,186.0,1.0,mid1,0.9890710382513661,0.9841269841269841,False,False
W23,mid1_f22_tuple_index,581,189,571.0,186.0,1.0,mid1,0.9827882960413081,0.9841269841269841,True,False
W23,mid1_w23_class_attribute,649,189,641.0,186.0,1.0,mid1,0.987673343605547,0.9841269841269841,True,False
W23,mid1w23_q10_mcq_sq,610,189,601.0,186.0,1.0,mid1,0.9852459016393442,0.9841269841269841,True,False
W23,mid1w23_q11_mcq_sq,612,189,602.0,186.0,1.0,mid1,0.9836601307189542,0.9841269841269841,True,False
W23,mid1w23_q12_mcq_sq,618,189,607.0,186.0,1.0,mid1,0.982200647249191,0.9841269841269841,True,False
W23,mid1w23_q13_mcq_sq,610,189,601.0,186.0,1.0,mid1,0.9852459016393442,0.9841269841269841,True,False
W23,mid1w23_q14_mcq_sq,659,189,648.0,186.0,1.0,mid1,0.9833080424886191,0.9841269841269841,True,False
W23,mid1w23_q15_mcq_sq,676,189,665.0,186.0,1.0,mid1,0.9837278106508875,0.9841269841269841,True,False
W23,mid1w23_q16_mcq_sq,581,189,571.0,186.0,1.0,mid1,0.9827882960413081,0.9841269841269841,True,False
W23,mid1w23_q17_fitb_sq,606,189,594.0,186.0,1.0,mid1,0.9801980198019802,0.9841269841269841,True,False
W23,mid1w23_q18_fitb_sq,640,189,626.0,186.0,1.0,mid1,0.978125,0.9841269841269841,True,False
W23,mid1w23_q19_fitb_sq,667,189,657.0,186.0,1.0,mid1,0.9850074962518741,0.9841269841269841,True,False
W23,mid1w23_q1_mcq_sq_v2,549,189,543.0,186.0,1.0,mid1,0.9890710382513661,0.9841269841269841,True,False
W23,mid1w23_q20_fitb_sq,723,189,718.0,186.0,1.0,mid1,0.9930843706777317,0.9841269841269841,True,False
W23,mid1w23_q21_fitb_sq,670,188,665.0,185.0,1.0,mid1,0.9925373134328358,0.9840425531914894,True,False
W23,mid1w23_q22_pp_sq_v2,2599,188,2573.0,185.0,1.0,mid1,0.9899961523662947,0.9840425531914894,True,False
W23,mid1w23_q23_pp_sq_v3,3298,190,3262.0,187.0,1.0,mid1,0.989084293511219,0.9842105263157894,True,False
W23,mid1w23_q24_pp_sq_v2,3805,189,3741.0,186.0,1.0,mid1,0.9831800262812089,0.9841269841269841,True,False
W23,mid1w23_q25_pp_sq_v2,3159,189,3098.0,186.0,1.0,mid1,0.9806900918012029,0.9841269841269841,True,False
W23,mid1w23_q26_pp_sq_v2,2294,189,2256.0,186.0,1.0,mid1,0.983435047951177,0.9841269841269841,True,False
W23,mid1w23_q27_pp_sq,2357,190,2322.0,187.0,1.0,mid1,0.9851506151887993,0.9842105263157894,True,False
W23,mid1w23_q28_ac_sq,3790,189,3729.0,186.0,1.0,mid1,0.9839050131926121,0.9841269841269841,True,False
W23,mid1w23_q29_ac_sq,5860,189,5759.0,186.0,1.0,mid1,0.9827645051194539,0.9841269841269841,True,False
W23,mid1w23_q2_mcq_sq,509,189,504.0,186.0,1.0,mid1,0.9901768172888016,0.9841269841269841,True,False
W23,mid1w23_q30_ac_sq,6173,189,6147.0,186.0,1.0,mid1,0.9957881095091528,0.9841269841269841,True,False
W23,mid1w23_q31_ac_sq,5326,190,5275.0,187.0,1.0,mid1,0.9904243334585054,0.9842105263157894,True,False
W23,mid1w23_q3_mcq_sq,597,189,589.0,186.0,1.0,mid1,0.9865996649916248,0.9841269841269841,True,False
W23,mid1w23_q4_mcq_sq,553,189,546.0,186.0,1.0,mid1,0.9873417721518988,0.9841269841269841,True,False
W23,mid1w23_q5_mcq_sq,653,189,643.0,186.0,1.0,mid1,0.9846860643185299,0.9841269841269841,True,False
W23,mid1w23_q6_mcq_sq,711,189,700.0,186.0,1.0,mid1,0.9845288326300985,0.9841269841269841,True,False
W23,mid1w23_q7_mcq_sq,649,189,641.0,186.0,1.0,mid1,0.987673343605547,0.9841269841269841,True,False
W23,mid1w23_q8_mcq_sq,616,189,604.0,186.0,1.0,mid1,0.9805194805194806,0.9841269841269841,True,False
W23,mid1w23_q9_mcq_sq,566,189,556.0,186.0,1.0,mid1,0.9823321554770318,0.9841269841269841,True,False
W23,mid2_fa22_terminal,653,189,642.0,186.0,1.0,mid2,0.9831546707503829,0.9841269841269841,True,False
W23,mid2_w22_find_all_wb_fitb,602,188,598.0,186.0,1.0,mid2,0.9933554817275747,0.9893617021276596,True,False
W23,mid2_w23_HTML_errors,580,189,569.0,186.0,1.0,mid2,0.9810344827586207,0.9841269841269841,True,False
W23,mid2_w23_add_file_staging,588,189,583.0,186.0,1.0,mid2,0.9914965986394558,0.9841269841269841,True,False
W23,mid2_w23_read_string,552,189,540.0,186.0,1.0,mid2,0.9782608695652174,0.9841269841269841,True,False
W23,mid2_w23_regex_greedy,570,189,557.0,186.0,1.0,mid2,0.9771929824561404,0.9841269841269841,True,False
W23,mid2_win22_bs_parent_child,563,189,554.0,186.0,1.0,mid2,0.9840142095914742,0.9841269841269841,True,False
W23,mid2_win22_fileEx_write_mc,511,189,503.0,186.0,1.0,mid2,0.9843444227005871,0.9841269841269841,True,False
W23,mid2_win22_regex_findall_index,649,189,640.0,186.0,1.0,mid2,0.9861325115562404,0.9841269841269841,True,False
W23,mid2_win22_regex_num_found_s_mc,504,189,496.0,186.0,1.0,mid2,0.9841269841269841,0.9841269841269841,True,False
W23,mid2_win23_bs4_find_all_text,574,189,566.0,186.0,1.0,mid2,0.9860627177700348,0.9841269841269841,True,False
W23,mid2_win23_from_regex,547,189,533.0,186.0,1.0,mid2,0.9744058500914077,0.9841269841269841,True,False
W23,mid2_win23_nested_dict_ac,16852,189,16629.0,186.0,1.0,mid2,0.9867671492997864,0.9841269841269841,True,False
W23,mid2_wn23_unittest_student_pp,2582,189,2539.0,186.0,1.0,mid2,0.9833462432223082,0.9841269841269841,True,False
W23,mid2w23_q10_mcq,511,189,503.0,186.0,1.0,mid2,0.9843444227005871,0.9841269841269841,True,False
W23,mid2w23_q11_mcq,574,189,566.0,186.0,1.0,mid2,0.9860627177700348,0.9841269841269841,True,False
W23,mid2w23_q12_mcq,720,189,713.0,186.0,1.0,mid2,0.9902777777777778,0.9841269841269841,True,False
W23,mid2w23_q13_mcq,653,189,642.0,186.0,1.0,mid2,0.9831546707503829,0.9841269841269841,True,False
W23,mid2w23_q14_mcq,547,189,533.0,186.0,1.0,mid2,0.9744058500914077,0.9841269841269841,True,False
W23,mid2w23_q15_mcq,570,189,557.0,186.0,1.0,mid2,0.9771929824561404,0.9841269841269841,True,False
W23,mid2w23_q16_mcq,652,189,638.0,186.0,1.0,mid2,0.9785276073619632,0.9841269841269841,True,False
W23,mid2w23_q17_mcq,580,189,569.0,186.0,1.0,mid2,0.9810344827586207,0.9841269841269841,True,False
W23,mid2w23_q18_mcq,576,189,568.0,186.0,1.0,mid2,0.9861111111111112,0.9841269841269841,True,False
W23,mid2w23_q19_mcq,563,189,552.0,186.0,1.0,mid2,0.9804618117229129,0.9841269841269841,True,False
W23,mid2w23_q1_mcq,504,189,496.0,186.0,1.0,mid2,0.9841269841269841,0.9841269841269841,True,False
W23,mid2w23_q20_mcq,535,189,527.0,186.0,1.0,mid2,0.9850467289719627,0.9841269841269841,True,False
W23,mid2w23_q21_mcq,481,187,474.0,184.0,1.0,mid2,0.9854469854469855,0.983957219251337,True,False
W23,mid2w23_q22_mcq,551,189,539.0,186.0,1.0,mid2,0.9782214156079855,0.9841269841269841,True,False
W23,mid2w23_q23_fitb,587,188,581.0,185.0,1.0,mid2,0.989778534923339,0.9840425531914894,True,False
W23,mid2w23_q24_fitb,602,188,598.0,186.0,1.0,mid2,0.9933554817275747,0.9893617021276596,True,False
W23,mid2w23_q25_fitb,588,189,583.0,186.0,1.0,mid2,0.9914965986394558,0.9841269841269841,True,False
W23,mid2w23_q26_fitb,535,189,531.0,186.0,1.0,mid2,0.9925233644859813,0.9841269841269841,True,False
W23,mid2w23_q27_pp,3128,189,3075.0,186.0,1.0,mid2,0.9830562659846548,0.9841269841269841,True,False
W23,mid2w23_q28_pp,2418,189,2369.0,186.0,1.0,mid2,0.9797353184449958,0.9841269841269841,True,False
W23,mid2w23_q29_pp,2582,189,2539.0,186.0,1.0,mid2,0.9833462432223082,0.9841269841269841,True,False
W23,mid2w23_q2_mcq,733,189,720.0,186.0,1.0,mid2,0.9822646657571623,0.9841269841269841,True,False
W23,mid2w23_q30_pp,2105,189,2064.0,186.0,1.0,mid2,0.9805225653206651,0.9841269841269841,True,False
W23,mid2w23_q31_pp,1849,189,1816.0,186.0,1.0,mid2,0.9821525148729042,0.9841269841269841,True,False
W23,mid2w23_q32_ac,11321,189,11195.0,186.0,1.0,mid2,0.9888702411447752,0.9841269841269841,True,False
W23,mid2w23_q33_ac,11604,189,11458.0,186.0,1.0,mid2,0.9874181316787315,0.9841269841269841,True,False
W23,mid2w23_q3_mcq,561,189,551.0,186.0,1.0,mid2,0.982174688057041,0.9841269841269841,True,False
W23,mid2w23_q4_mcq,649,189,640.0,186.0,1.0,mid2,0.9861325115562404,0.9841269841269841,True,False
W23,mid2w23_q5_mcq,609,189,597.0,186.0,1.0,mid2,0.9802955665024631,0.9841269841269841,True,False
W23,mid2w23_q6_mcq,674,189,662.0,186.0,1.0,mid2,0.9821958456973294,0.9841269841269841,True,False
W23,mid2w23_q7_mcq,563,189,554.0,186.0,1.0,mid2,0.9840142095914742,0.9841269841269841,True,False
W23,mid2w23_q8_mcq,570,189,561.0,186.0,1.0,mid2,0.9842105263157894,0.9841269841269841,True,False
W23,mid2w23_q9_mcq,535,189,528.0,186.0,1.0,mid2,0.9869158878504672,0.9841269841269841,True,False
W23,mid_2_fa22_unittest_mc,719,189,712.0,186.0,1.0,mid2,0.9902642559109874,0.9841269841269841,True,False
W23,mid_2_html_attr_fill,535,189,531.0,186.0,1.0,mid2,0.9925233644859813,0.9841269841269841,True,False
W23,mid_2_html_attributes_mc,535,189,528.0,186.0,1.0,mid2,0.9869158878504672,0.9841269841269841,True,False
W23,mid_2_q11_regex_mc,563,189,552.0,186.0,1.0,mid2,0.9804618117229129,0.9841269841269841,True,False
W23,mid_2_q12_debug_mc,576,189,568.0,186.0,1.0,mid2,0.9861111111111112,0.9841269841269841,True,False
W23,mid_2_q1_split_v3_mc,570,189,561.0,186.0,1.0,mid2,0.9842105263157894,0.9841269841269841,True,False
W23,mid_2_sorted_num_mc,535,189,527.0,186.0,1.0,mid2,0.9850467289719627,0.9841269841269841,True,False
W23,mid_2_soup_get_dict_img_pp,2106,189,2065.0,186.0,1.0,mid2,0.9805318138651472,0.9841269841269841,True,False
W23,mid_2_soup_total_nums_in_div_with_class_pp,1849,189,1816.0,186.0,1.0,mid2,0.9821525148729042,0.9841269841269841,True,False
W23,mid_2_unit_test_mc,652,189,638.0,186.0,1.0,mid2,0.9785276073619632,0.9841269841269841,True,False
W23,mid_2_win_23_dict_sorting_alt,733,189,720.0,186.0,1.0,mid2,0.9822646657571623,0.9841269841269841,True,False
W23,pi_string_split_correct_order,766,189,477.0,184.0,1.0,mid2,0.6227154046997389,0.9735449735449735,False,False
W23,prestest_is_ascending_ac,8708,189,8566.0,186.0,1.0,mid1,0.9836931557188792,0.9841269841269841,False,False
W23,q_md1_w23_classSyntax,653,189,643.0,186.0,1.0,mid1,0.9846860643185299,0.9841269841269841,False,False
W23,q_mid1_w23_list_vs_tuple,616,189,589.0,186.0,1.0,mid1,0.9561688311688312,0.9841269841269841,True,False
W23,q_mid1_w23_str_slice_methods,612,189,602.0,186.0,1.0,mid1,0.9836601307189542,0.9841269841269841,True,False
W23,q_mid1_wn23_class_unittest_mcq_v2,711,189,700.0,186.0,1.0,mid1,0.9845288326300985,0.9841269841269841,True,False
W23,q_mid1f22_less_dict,9424,189,9382.0,186.0,1.0,mid1,0.9955432937181664,0.9841269841269841,True,False
W23,q_mid1w23_which_assert,553,189,546.0,186.0,1.0,mid1,0.9873417721518988,0.9841269841269841,True,False
W23,q_mid2_wn23_nested_dict_mc,561,189,551.0,186.0,1.0,mid2,0.982174688057041,0.9841269841269841,True,False
W23,q_midf21_call_parent_method,687,189,665.0,185.0,1.0,mid1,0.9679767103347889,0.9788359788359788,True,False
W23,q_midf21_class_car_test_pp_v2,3823,189,3741.0,186.0,1.0,mid1,0.9785508762751766,0.9841269841269841,True,False
W23,q_midf21_class_song_pp,2302,189,2256.0,186.0,1.0,mid1,0.9800173761946134,0.9841269841269841,True,False
W23,q_midf21_combo_price_ac_v2,8084,190,8006.0,187.0,1.0,mid1,0.9903513112320633,0.9842105263157894,True,False
W23,q_midf21_cond_weather_ac,6022,190,5672.0,186.0,1.0,mid1,0.9418797741614082,0.9789473684210527,True,False
W23,q_midf21_immutable?,687,189,665.0,186.0,1.0,mid1,0.9679767103347889,0.9841269841269841,True,False
W23,q_midf21_list_append,566,189,556.0,186.0,1.0,mid1,0.9823321554770318,0.9841269841269841,True,False
W23,q_midf21_method_on_create_fitb,606,189,594.0,186.0,1.0,mid1,0.9801980198019802,0.9841269841269841,True,False
W23,q_midf21_no_return_fitb,695,189,657.0,186.0,1.0,mid1,0.9453237410071943,0.9841269841269841,True,False
W23,q_midf21_several_ifs_fitb,640,189,626.0,186.0,1.0,mid1,0.978125,0.9841269841269841,True,False
W23,q_midf21_turtle_draw_E_pp,3159,189,3098.0,186.0,1.0,mid1,0.9806900918012029,0.9841269841269841,True,False
W23,q_midf21_two_list_to_dict_pp,2357,190,2322.0,187.0,1.0,mid1,0.9851506151887993,0.9842105263157894,True,False
W23,q_midf21_while_and,618,189,607.0,186.0,1.0,mid1,0.982200647249191,0.9841269841269841,True,False
W23,q_midf22_class_pet_which_method,659,189,648.0,186.0,1.0,mid1,0.9833080424886191,0.9841269841269841,True,False
W23,q_midw22_album_and_song,610,189,601.0,186.0,1.0,mid1,0.9852459016393442,0.9841269841269841,True,False
W23,q_midw22_loop_controls_mcq,509,189,504.0,186.0,1.0,mid1,0.9901768172888016,0.9841269841269841,True,False
W23,q_midw23_git,616,189,604.0,186.0,1.0,mid1,0.9805194805194806,0.9841269841269841,True,False
W23,q_midw23_index_dup_pp_v2,3298,190,3262.0,187.0,1.0,mid1,0.989084293511219,0.9842105263157894,True,False
W23,q_midw23_object_attributes_and_methods_v2,723,189,718.0,186.0,1.0,mid1,0.9930843706777317,0.9841269841269841,True,False
W23,q_midw23_range_len_loop,610,189,601.0,186.0,1.0,mid1,0.9852459016393442,0.9841269841269841,True,False
W23,regex_digits_mc,674,189,662.0,186.0,1.0,mid2,0.9821958456973294,0.9841269841269841,False,False
W23,strip_mc,609,189,597.0,186.0,1.0,mid2,0.9802955665024631,0.9841269841269841,False,False
W24,M1-W24-Eric,3,1,3.0,1.0,1.0,mid1,1.0,1.0,False,False
W24,M1-W24-Marcia,3,1,3.0,1.0,1.0,mid1,1.0,1.0,False,False
W24,file_get_cat_pp,2514,187,2452.0,183.0,1.0,mid2,0.9753381066030231,0.9786096256684492,False,False
W24,html_pp,3309,187,3215.0,183.0,1.0,mid2,0.9715926261710487,0.9786096256684492,False,False
W24,mid1-fall23-mcq10,452,187,436.0,183.0,1.0,mid1,0.9646017699115044,0.9786096256684492,True,False
W24,mid1-fall23-mcq11,527,186,513.0,182.0,1.0,mid1,0.9734345351043643,0.978494623655914,True,False
W24,mid1-fall23-mcq13,564,187,546.0,183.0,1.0,mid1,0.9680851063829787,0.9786096256684492,True,False
W24,mid1-fall23-mcq14,519,187,505.0,183.0,1.0,mid1,0.9730250481695568,0.9786096256684492,True,False
W24,mid1-fall23-mcq15,545,187,524.0,183.0,1.0,mid1,0.9614678899082569,0.9786096256684492,True,False
W24,mid1-fall23-mcq16,512,187,493.0,183.0,1.0,mid1,0.962890625,0.9786096256684492,True,False
W24,mid1-fall23-mcq17,544,187,525.0,183.0,1.0,mid1,0.9650735294117647,0.9786096256684492,True,False
W24,mid1-fall23-mcq18,517,186,488.0,182.0,1.0,mid1,0.9439071566731141,0.978494623655914,True,False
W24,mid1-fall23-mcq19,571,187,549.0,183.0,1.0,mid1,0.9614711033274956,0.9786096256684492,True,False
W24,mid1-fall23-mcq2,516,187,500.0,183.0,1.0,mid1,0.9689922480620154,0.9786096256684492,True,False
W24,mid1-fall23-mcq20,557,185,520.0,181.0,1.0,mid1,0.933572710951526,0.9783783783783784,True,False
W24,mid1-fall23-mcq23,3075,187,2893.0,183.0,1.0,mid1,0.9408130081300813,0.9786096256684492,True,False
W24,mid1-fall23-mcq24,3274,186,3163.0,182.0,1.0,mid1,0.9660965180207697,0.978494623655914,True,False
W24,mid1-fall23-mcq25-v3,2329,187,2233.0,183.0,1.0,mid1,0.9587805925289824,0.9786096256684492,True,False
W24,mid1-fall23-mcq26-v2,2397,187,2257.0,183.0,1.0,mid1,0.9415936587400918,0.9786096256684492,True,False
W24,mid1-fall23-mcq27,2653,187,2547.0,183.0,1.0,mid1,0.9600452318130418,0.9786096256684492,True,False
W24,mid1-fall23-mcq29,3397,187,3258.0,183.0,1.0,mid1,0.9590815425375331,0.9786096256684492,True,False
W24,mid1-fall23-mcq31,7336,187,7138.0,183.0,1.0,mid1,0.9730098146128681,0.9786096256684492,True,False
W24,mid1-fall23-mcq4,566,187,542.0,183.0,1.0,mid1,0.9575971731448764,0.9786096256684492,True,False
W24,mid1-fall23-mcq6,636,187,602.0,183.0,1.0,mid1,0.9465408805031447,0.9786096256684492,True,False
W24,mid1-fall23-mcq7,635,187,589.0,183.0,1.0,mid1,0.9275590551181102,0.9786096256684492,True,False
W24,mid1-fall23-mcq9,517,187,504.0,183.0,1.0,mid1,0.9748549323017408,0.9786096256684492,True,False
W24,mid1-w24-ac-2,4752,187,4576.0,183.0,1.0,mid1,0.9629629629629629,0.9786096256684492,True,False
W24,mid1-w24-ac-5,3662,185,3593.0,183.0,1.0,mid1,0.9811578372474058,0.9891891891891892,True,False
W24,mid1-w24-mcq-1,448,187,437.0,183.0,1.0,mid1,0.9754464285714286,0.9786096256684492,True,False
W24,mid1-w24-mcq-14,488,187,480.0,183.0,1.0,mid1,0.9836065573770492,0.9786096256684492,True,False
W24,mid1-w24-mcq-3,480,187,463.0,183.0,1.0,mid1,0.9645833333333333,0.9786096256684492,True,False
W24,mid1-w24-mcq-4,574,186,540.0,182.0,1.0,mid1,0.9407665505226481,0.978494623655914,True,False
W24,mid1-w24-mcq-5,521,187,511.0,183.0,1.0,mid1,0.980806142034549,0.9786096256684492,True,False
W24,mid1-w24-pp-3,3882,187,3716.0,183.0,1.0,mid1,0.9572385368366821,0.9786096256684492,True,False
W24,mid1-w24-pp-4,3318,185,3199.0,181.0,1.0,mid1,0.9641350210970464,0.9783783783783784,True,False
W24,mid1_f23_tuple_v2,635,187,589.0,183.0,1.0,mid1,0.9275590551181102,0.9786096256684492,True,False
W24,mid1_w24_git,489,187,481.0,183.0,1.0,mid1,0.983640081799591,0.9786096256684492,True,False
W24,mid1_w24_turtle_shapes,521,187,511.0,183.0,1.0,mid1,0.980806142034549,0.9786096256684492,True,False
W24,mid2-f22-get-month-counts-ac,10677,187,10054.0,183.0,1.0,mid2,0.9416502762948393,0.9786096256684492,True,False
W24,mid2_f23_regex_mc,521,187,502.0,183.0,1.0,mid2,0.963531669865643,0.9786096256684492,True,False
W24,mid2_fa22_terminal,460,187,451.0,183.0,1.0,mid2,0.9804347826086957,0.9786096256684492,True,False
W24,mid2_fall23_links_mc,467,187,454.0,183.0,1.0,mid2,0.9721627408993576,0.9786096256684492,True,False
W24,mid2_fall23_q10_sq,461,187,456.0,183.0,1.0,mid2,0.9891540130151844,0.9786096256684492,True,False
W24,mid2_fall23_q11_sq,525,187,510.0,183.0,1.0,mid2,0.9714285714285714,0.9786096256684492,True,False
W24,mid2_fall23_q13_sq,597,186,582.0,183.0,1.0,mid2,0.9748743718592965,0.9838709677419355,True,False
W24,mid2_fall23_q14_sq,467,187,454.0,183.0,1.0,mid2,0.9721627408993576,0.9786096256684492,True,False
W24,mid2_fall23_q15_sq,460,187,451.0,183.0,1.0,mid2,0.9804347826086957,0.9786096256684492,True,False
W24,mid2_fall23_q16_sq,429,187,422.0,183.0,1.0,mid2,0.9836829836829837,0.9786096256684492,True,False
W24,mid2_fall23_q17_sq,400,187,391.0,183.0,1.0,mid2,0.9775,0.9786096256684492,True,False
W24,mid2_fall23_q18_sq,509,186,496.0,183.0,1.0,mid2,0.9744597249508841,0.9838709677419355,True,False
W24,mid2_fall23_q19_sq,521,187,501.0,183.0,1.0,mid2,0.9616122840690979,0.9786096256684492,True,False
W24,mid2_fall23_q1_sq_v3,536,186,484.0,182.0,1.0,mid2,0.9029850746268657,0.978494623655914,True,False
W24,mid2_fall23_q20_sq,539,187,526.0,183.0,1.0,mid2,0.9758812615955473,0.9786096256684492,True,False
W24,mid2_fall23_q21_sq,521,187,502.0,183.0,1.0,mid2,0.963531669865643,0.9786096256684492,True,False
W24,mid2_fall23_q22_sq,476,187,458.0,183.0,1.0,mid2,0.9621848739495799,0.9786096256684492,True,False
W24,mid2_fall23_q23_sq,487,186,475.0,182.0,1.0,mid2,0.9753593429158111,0.978494623655914,True,False
W24,mid2_fall23_q25_sq,570,185,544.0,181.0,1.0,mid2,0.9543859649122807,0.9783783783783784,True,False
W24,mid2_fall23_q26_sq,494,186,486.0,182.0,1.0,mid2,0.9838056680161943,0.978494623655914,True,False
W24,mid2_fall23_q27_sq,3309,187,3215.0,183.0,1.0,mid2,0.9715926261710487,0.9786096256684492,True,False
W24,mid2_fall23_q28_sq,2514,187,2452.0,183.0,1.0,mid2,0.9753381066030231,0.9786096256684492,True,False
W24,mid2_fall23_q2_sq,594,187,577.0,183.0,1.0,mid2,0.9713804713804713,0.9786096256684492,True,False
W24,mid2_fall23_q33_sq,7154,187,6752.0,183.0,1.0,mid2,0.9438076600503215,0.9786096256684492,True,False
W24,mid2_fall23_q3_sq,445,186,438.0,182.0,1.0,mid2,0.9842696629213483,0.978494623655914,True,False
W24,mid2_fall23_q4_sq,442,187,428.0,183.0,1.0,mid2,0.9683257918552036,0.9786096256684492,True,False
W24,mid2_fall23_q5_sq,498,187,480.0,183.0,1.0,mid2,0.963855421686747,0.9786096256684492,True,False
W24,mid2_fall23_q6_sq,523,186,513.0,183.0,1.0,mid2,0.9808795411089866,0.9838709677419355,True,False
W24,mid2_fall23_q8_sq,474,187,459.0,183.0,1.0,mid2,0.9683544303797469,0.9786096256684492,True,False
W24,mid2_fall23_q9_sq,516,187,507.0,183.0,1.0,mid2,0.9825581395348837,0.9786096256684492,True,False
W24,mid2_fall23_regex_b,445,186,438.0,182.0,1.0,mid2,0.9842696629213483,0.978494623655914,True,False
W24,mid2_fall23_regex_num_found_s_mc_v2,537,186,484.0,182.0,1.0,mid2,0.9013035381750466,0.978494623655914,True,False
W24,mid2_find_carrot_fib,570,185,545.0,181.0,1.0,mid2,0.956140350877193,0.9783783783783784,True,False
W24,mid2_student_avg_nested,3486,187,3349.0,183.0,1.0,mid2,0.9606999426276535,0.9786096256684492,True,False
W24,mid2_w23_HTML_errors,521,187,501.0,183.0,1.0,mid2,0.9616122840690979,0.9786096256684492,True,False
W24,mid2_w23_read_string,525,187,510.0,183.0,1.0,mid2,0.9714285714285714,0.9786096256684492,True,False
W24,mid2_w23_regex_greedy,400,187,391.0,183.0,1.0,mid2,0.9775,0.9786096256684492,True,False
W24,mid2_w24_csv_reader,475,187,467.0,183.0,1.0,mid2,0.9831578947368421,0.9786096256684492,True,False
W24,mid2_w24_debug,489,187,478.0,183.0,1.0,mid2,0.9775051124744376,0.9786096256684492,True,False
W24,mid2_w24_q12_sq,489,187,478.0,183.0,1.0,mid2,0.9775051124744376,0.9786096256684492,True,False
W24,mid2_w24_q29_sq_v2,3049,187,2960.0,183.0,1.0,mid2,0.9708101016726796,0.9786096256684492,True,False
W24,mid2_w24_q30_sq,3486,187,3349.0,183.0,1.0,mid2,0.9606999426276535,0.9786096256684492,True,False
W24,mid2_w24_q31_sq,8894,187,8620.0,183.0,1.0,mid2,0.9691927141893412,0.9786096256684492,True,False
W24,mid2_w24_q32_sq,6317,187,6135.0,183.0,1.0,mid2,0.9711888554693684,0.9786096256684492,True,False
W24,mid2_w24_q7_sq,475,187,467.0,183.0,1.0,mid2,0.9831578947368421,0.9786096256684492,True,False
W24,mid2_win22_fileEx_write_mc,461,187,456.0,183.0,1.0,mid2,0.9891540130151844,0.9786096256684492,True,False
W24,mid2_win23_from_regex,429,187,422.0,183.0,1.0,mid2,0.9836829836829837,0.9786096256684492,True,False
W24,mid2_win23_nested_dict_ac_v2,9274,187,9005.0,183.0,1.0,mid2,0.9709941772697865,0.9786096256684492,True,False
W24,mid2_wn23_sale_calculator_unittest_student_pp_v2,3049,187,2960.0,183.0,1.0,mid2,0.9708101016726796,0.9786096256684492,True,False
W24,mid_2_fa22_unittest_mc,597,186,582.0,183.0,1.0,mid2,0.9748743718592965,0.9838709677419355,True,False
W24,mid_2_fall_23_dict_sorting,594,187,577.0,183.0,1.0,mid2,0.9713804713804713,0.9786096256684492,True,False
W24,mid_2_html_attr_fill,494,186,486.0,182.0,1.0,mid2,0.9838056680161943,0.978494623655914,True,False
W24,mid_2_html_attributes_mc,516,187,507.0,183.0,1.0,mid2,0.9825581395348837,0.9786096256684492,True,False
W24,mid_2_q12_debug_mc,539,187,526.0,183.0,1.0,mid2,0.9758812615955473,0.9786096256684492,True,False
W24,mid_2_q1_split_v3_mc,474,187,459.0,183.0,1.0,mid2,0.9683544303797469,0.9786096256684492,True,False
W24,mid_2_sorted_num_mc,476,187,458.0,183.0,1.0,mid2,0.9621848739495799,0.9786096256684492,True,False
W24,mid_2_unit_test_mc,509,186,496.0,183.0,1.0,mid2,0.9744597249508841,0.9838709677419355,True,False
W24,pi_string_split_correct_order,487,186,475.0,182.0,1.0,mid2,0.9753593429158111,0.978494623655914,False,False
W24,q_mid1_w23_str_slice_methods,452,187,436.0,183.0,1.0,mid1,0.9646017699115044,0.9786096256684492,True,False
W24,q_mid1_w24_range_len,479,187,463.0,183.0,1.0,mid1,0.9665970772442589,0.9786096256684492,True,False
W24,q_mid1_w24_unittest_class,574,186,540.0,182.0,1.0,mid1,0.9407665505226481,0.978494623655914,True,False
W24,q_mid1_wn23_class_unittest_mcq_v2,566,187,542.0,183.0,1.0,mid1,0.9575971731448764,0.9786096256684492,True,False
W24,q_mid1f22_less_dict,5408,187,5184.0,183.0,1.0,mid1,0.9585798816568047,0.9786096256684492,True,False
W24,q_mid1f23_is_palindrome_ac,10647,187,10347.0,183.0,1.0,mid1,0.9718230487461257,0.9786096256684492,True,False
W24,q_mid1w23_which_assert,516,187,500.0,183.0,1.0,mid1,0.9689922480620154,0.9786096256684492,True,False
W24,q_mid2_wn23_nested_dict_mc,442,187,428.0,183.0,1.0,mid2,0.9683257918552036,0.9786096256684492,True,False
W24,q_midf21_call_parent_method,556,185,519.0,181.0,1.0,mid1,0.9334532374100719,0.9783783783783784,True,False
W24,q_midf21_class_car_test_pp_v2,3882,187,3716.0,183.0,1.0,mid1,0.9572385368366821,0.9786096256684492,True,False
W24,q_midf21_class_song_pp,2329,187,2233.0,183.0,1.0,mid1,0.9587805925289824,0.9786096256684492,True,False
W24,q_midf21_combo_price_ac_v2,5953,185,5814.0,183.0,1.0,mid1,0.976650428355451,0.9891891891891892,True,False
W24,q_midf21_cond_weather_ac,4056,187,3885.0,183.0,1.0,mid1,0.9578402366863905,0.9786096256684492,True,False
W24,q_midf21_create_dog_class,636,187,602.0,183.0,1.0,mid1,0.9465408805031447,0.9786096256684492,True,False
W24,q_midf21_immutable?,545,187,524.0,183.0,1.0,mid1,0.9614678899082569,0.9786096256684492,True,False
W24,q_midf21_method_on_create_fitb,512,187,493.0,183.0,1.0,mid1,0.962890625,0.9786096256684492,True,False
W24,q_midf21_no_return_fitb,517,186,488.0,182.0,1.0,mid1,0.9439071566731141,0.978494623655914,True,False
W24,q_midf21_several_ifs_fitb,544,187,525.0,183.0,1.0,mid1,0.9650735294117647,0.9786096256684492,True,False
W24,q_midf21_turtle_draw_E_pp_v2,3275,186,3164.0,182.0,1.0,mid1,0.9661068702290077,0.978494623655914,True,False
W24,q_midf21_two_list_to_dict_pp,2398,187,2258.0,183.0,1.0,mid1,0.9416180150125104,0.9786096256684492,True,False
W24,q_midf21_while_and,527,186,513.0,182.0,1.0,mid1,0.9734345351043643,0.978494623655914,True,False
W24,q_midf22_class_pet_which_method,564,187,546.0,183.0,1.0,mid1,0.9680851063829787,0.9786096256684492,True,False
W24,q_midw22_album_and_song,517,187,504.0,183.0,1.0,mid1,0.9748549323017408,0.9786096256684492,True,False
W24,q_midw22_loop_controls_mcq,449,187,438.0,183.0,1.0,mid1,0.9755011135857461,0.9786096256684492,True,False
W24,q_midw23_git,518,187,504.0,183.0,1.0,mid1,0.972972972972973,0.9786096256684492,True,False
W24,q_midw23_index_dup_pp_v2,3075,187,2893.0,183.0,1.0,mid1,0.9408130081300813,0.9786096256684492,True,False
W24,q_midw23_object_attributes_and_methods_v2,571,187,549.0,183.0,1.0,mid1,0.9614711033274956,0.9786096256684492,True,False
W24,q_midwn24_animal_dog_inheritance_pp_v2,3317,185,3198.0,181.0,1.0,mid1,0.964124208622249,0.9783783783783784,True,False
W24,q_midwn24_password_validator,13099,187,12676.0,183.0,1.0,mid2,0.9677074585846248,0.9786096256684492,True,False
W24,q_midwn24_sequence,7281,187,6996.0,183.0,1.0,mid1,0.9608570251339101,0.9786096256684492,True,False
W24,regex_digits_mc,523,186,513.0,183.0,1.0,mid2,0.9808795411089866,0.9838709677419355,False,False
W24,strip_mc,498,187,480.0,183.0,1.0,mid2,0.963855421686747,0.9786096256684492,False,False
